-- MySQL dump 10.13  Distrib 9.3.0, for macos15.2 (arm64)
--
-- Host: 127.0.0.1    Database: jeju_gom
-- ------------------------------------------------------
-- Server version	9.3.0

/*!40101 SET @OLD_CHARACTER_SET_CLIENT=@@CHARACTER_SET_CLIENT */;
/*!40101 SET @OLD_CHARACTER_SET_RESULTS=@@CHARACTER_SET_RESULTS */;
/*!40101 SET @OLD_COLLATION_CONNECTION=@@COLLATION_CONNECTION */;
/*!50503 SET NAMES utf8mb4 */;
/*!40103 SET @OLD_TIME_ZONE=@@TIME_ZONE */;
/*!40103 SET TIME_ZONE='+00:00' */;
/*!40014 SET @OLD_UNIQUE_CHECKS=@@UNIQUE_CHECKS, UNIQUE_CHECKS=0 */;
/*!40014 SET @OLD_FOREIGN_KEY_CHECKS=@@FOREIGN_KEY_CHECKS, FOREIGN_KEY_CHECKS=0 */;
/*!40101 SET @OLD_SQL_MODE=@@SQL_MODE, SQL_MODE='NO_AUTO_VALUE_ON_ZERO' */;
/*!40111 SET @OLD_SQL_NOTES=@@SQL_NOTES, SQL_NOTES=0 */;

--
-- Current Database: `jeju_gom`
--

/*!40000 DROP DATABASE IF EXISTS `jeju_gom`*/;

CREATE DATABASE /*!32312 IF NOT EXISTS*/ `jeju_gom` /*!40100 DEFAULT CHARACTER SET utf8mb4 COLLATE utf8mb4_0900_ai_ci */ /*!80016 DEFAULT ENCRYPTION='N' */;

USE `jeju_gom`;

--
-- Table structure for table `asset_category`
--

DROP TABLE IF EXISTS `asset_category`;
/*!40101 SET @saved_cs_client     = @@character_set_client */;
/*!50503 SET character_set_client = utf8mb4 */;
CREATE TABLE `asset_category` (
                                  `asset_category_code` varchar(2) NOT NULL,
                                  `name` varchar(10) DEFAULT NULL,
                                  PRIMARY KEY (`asset_category_code`)
) ENGINE=InnoDB DEFAULT CHARSET=utf8mb4 COLLATE=utf8mb4_0900_ai_ci;
/*!40101 SET character_set_client = @saved_cs_client */;

--
-- Dumping data for table `asset_category`
--

LOCK TABLES `asset_category` WRITE;
/*!40000 ALTER TABLE `asset_category` DISABLE KEYS */;
INSERT INTO `asset_category` VALUES ('1','부동산'),('2','예/적금'),('3','현금'),('4','주식/펀드'),('5','사업체/지분'),('6','기타');
/*!40000 ALTER TABLE `asset_category` ENABLE KEYS */;
UNLOCK TABLES;

--
-- Table structure for table `asset_status`
--

DROP TABLE IF EXISTS `asset_status`;
/*!40101 SET @saved_cs_client     = @@character_set_client */;
/*!50503 SET character_set_client = utf8mb4 */;
CREATE TABLE `asset_status` (
                                `asset_id` int NOT NULL AUTO_INCREMENT,
                                `email` varchar(255) NOT NULL,
                                `asset_category_code` varchar(2) NOT NULL,
                                `amount` bigint DEFAULT NULL,
                                `asset_name` varchar(20) DEFAULT NULL,
                                `business_type` varchar(10) DEFAULT NULL,
                                PRIMARY KEY (`asset_id`),
                                KEY `fk_asset_status_asset_category1_idx` (`asset_category_code`),
                                KEY `fk_asset_status_user1_idx` (`email`),
                                CONSTRAINT `fk_asset_status_asset_category1` FOREIGN KEY (`asset_category_code`) REFERENCES `asset_category` (`asset_category_code`),
                                CONSTRAINT `fk_asset_status_user1` FOREIGN KEY (`email`) REFERENCES `user` (`email`)
) ENGINE=InnoDB AUTO_INCREMENT=8 DEFAULT CHARSET=utf8mb4 COLLATE=utf8mb4_0900_ai_ci;
/*!40101 SET character_set_client = @saved_cs_client */;

--
-- Dumping data for table `asset_status`
--

LOCK TABLES `asset_status` WRITE;
/*!40000 ALTER TABLE `asset_status` DISABLE KEYS */;
/*!40000 ALTER TABLE `asset_status` ENABLE KEYS */;
UNLOCK TABLES;

--
-- Table structure for table `booking`
--

DROP TABLE IF EXISTS `booking`;
/*!40101 SET @saved_cs_client     = @@character_set_client */;
/*!50503 SET character_set_client = utf8mb4 */;
CREATE TABLE `booking` (
                           `booking_id` varchar(50) NOT NULL,
                           `booking_code` varchar(30) NOT NULL,
                           `email` varchar(255) NOT NULL,
                           `branch_id` int NOT NULL,
                           `fin_prdt_cd` varchar(20) DEFAULT NULL,
                           `date` date DEFAULT NULL,
                           `time` time DEFAULT NULL,
                           `doc_info` text,
                           `bookingcol` varchar(100) DEFAULT NULL,
                           PRIMARY KEY (`booking_id`),
                           KEY `fk_booking_user1_idx` (`email`),
                           KEY `fk_booking_branch_idx` (`branch_id`),
                           CONSTRAINT `fk_booking_branch` FOREIGN KEY (`branch_id`) REFERENCES `branch` (`branch_id`) ON DELETE CASCADE ON UPDATE CASCADE,
                           CONSTRAINT `fk_booking_user1` FOREIGN KEY (`email`) REFERENCES `user` (`email`) ON DELETE CASCADE ON UPDATE CASCADE
) ENGINE=InnoDB DEFAULT CHARSET=utf8mb4 COLLATE=utf8mb4_0900_ai_ci;
/*!40101 SET character_set_client = @saved_cs_client */;

--
-- Dumping data for table `booking`
--

LOCK TABLES `booking` WRITE;
/*!40000 ALTER TABLE `booking` DISABLE KEYS */;
/*!40000 ALTER TABLE `booking` ENABLE KEYS */;
UNLOCK TABLES;

--
-- Table structure for table `branch`
--

DROP TABLE IF EXISTS `branch`;
/*!40101 SET @saved_cs_client     = @@character_set_client */;
/*!50503 SET character_set_client = utf8mb4 */;
CREATE TABLE `branch` (
                          `branch_id` int NOT NULL AUTO_INCREMENT,
                          `branch_name` varchar(40) DEFAULT NULL,
                          `branch_phone` varchar(20) DEFAULT NULL,
                          `address_name` varchar(30) DEFAULT NULL,
                          `road_address_name` varchar(30) DEFAULT NULL,
                          `x` varchar(20) DEFAULT NULL,
                          `y` varchar(20) DEFAULT NULL,
                          `distance` varchar(5) DEFAULT NULL,
                          PRIMARY KEY (`branch_id`)
) ENGINE=InnoDB AUTO_INCREMENT=171 DEFAULT CHARSET=utf8mb4 COLLATE=utf8mb4_0900_ai_ci;
/*!40101 SET character_set_client = @saved_cs_client */;

--
-- Dumping data for table `branch`
--

LOCK TABLES `branch` WRITE;
/*!40000 ALTER TABLE `branch` DISABLE KEYS */;
INSERT INTO `branch` VALUES (1,'KB국민은행 봉천역','1588-9999','서울 관악구 봉천동 927-21','서울 관악구 남부순환로 1734','126.94277343570529','37.48198560181632',''),(2,'KB국민은행 영등포하이테크종합금융센터','1588-9999','서울 영등포구 문래동3가 55-20','서울 영등포구 경인로 775','126.89753647446571','37.51476246205312',''),(3,'KB국민은행 자양동','1588-9999','서울 광진구 자양동 636-10','서울 광진구 뚝섬로 632','127.07972579751558','37.53178821912346',''),(4,'KB국민은행 가산라이온스밸리','1588-9999','서울 금천구 가산동 371-28','서울 금천구 가산디지털1로 168','126.88259455682133','37.47999044543798',''),(5,'KB국민은행 강남역종합금융센터','1588-9999','서울 강남구 역삼동 648-19','서울 강남구 테헤란로 127','127.03204494644099','37.49969991209963',''),(6,'KB국민은행 왕십리','1588-9999','서울 성동구 하왕십리동 1070','서울 성동구 왕십리로 410','127.02864550925207','37.564840466268876',''),(7,'KB국민은행 마곡종합금융센터','1588-9999','서울 강서구 마곡동 801-1','서울 강서구 공항대로 242','126.83432791921675','37.55848019652239',''),(8,'KB국민은행 문정법조종합금융센터','1588-9999','서울 송파구 문정동 644','서울 송파구 법원로11길 11','127.11833097821126','37.485458642306156',''),(9,'KB국민은행 청량리종합금융센터','1588-9999','서울 동대문구 청량리동 235-6','서울 동대문구 왕산로 239','127.04821493122468','37.58305761572772',''),(10,'KB국민은행 남영동','1588-9999','서울 용산구 갈월동 92','서울 용산구 한강대로 273','126.9723519337396','37.54269147329701',''),(11,'KB국민은행 강남파이낸스','1588-9999','서울 강남구 역삼동 737','서울 강남구 테헤란로 152','127.03650873345568','37.50002388011416',''),(12,'KB국민은행 무교','1588-9999','서울 중구 태평로1가 84','서울 중구 세종대로 136','126.97825675890313','37.56842339797618',''),(13,'KB국민은행 연신내종합금융센터','1588-9999','서울 은평구 갈현동 396-1','서울 은평구 통일로 861','126.92019505650904','37.61978467562532',''),(14,'KB국민은행 서교동종합금융센터','1588-9999','서울 마포구 동교동 160-4','서울 마포구 양화로 147','126.92205462400821','37.55604881087937',''),(15,'KB국민은행 상일역','1588-9999','서울 강동구 고덕동 210-1','서울 강동구 고덕로 399','127.17004051052552','37.55738107756937',''),(16,'KB국민은행 도화동','1588-9999','서울 마포구 도화동 173','서울 마포구 마포대로 63-8','126.94781477524491','37.54225970924363',''),(17,'KB국민은행 구로벤처종합금융센터','1588-9999','서울 구로구 구로동 182-4','서울 구로구 디지털로34길 27','126.89822323709062','37.48547226033265',''),(18,'KB국민은행 삼성역','1588-9999','서울 강남구 대치동 944-31','서울 강남구 테헤란로 518','127.06057919351855','37.50759144442826',''),(19,'KB국민은행 광화문종합금융센터','1588-9999','서울 종로구 내수동 167','서울 종로구 새문안로3길 30','126.97328151811782','37.572737243349636',''),(20,'KB국민은행 선릉역종합금융센터','1588-9999','서울 강남구 대치동 890','서울 강남구 테헤란로 412','127.05125773309538','37.50476399808874',''),(21,'KB국민은행 미아역','1588-9999','서울 강북구 미아동 310-4','서울 강북구 도봉로 167','127.02683523507461','37.62362429211911',''),(22,'KB국민은행 영등포','1588-9999','서울 영등포구 영등포동4가 147-1','서울 영등포구 영등포로 194','126.902954512948','37.5200180840609',''),(23,'KB국민은행 강남구청역','1588-9999','서울 강남구 논현동 119','서울 강남구 학동로 343','127.04061201407545','37.51744166521284',''),(24,'KB국민은행 서대문','1588-9999','서울 서대문구 충정로2가 191','서울 서대문구 충정로 53','126.96463279594902','37.563752042563216',''),(25,'KB국민은행 명동역','1588-9999','서울 중구 충무로2가 64-5','서울 중구 퇴계로 131','126.98630156122736','37.561277002663985',''),(26,'KB국민은행 종로3가','1588-9999','서울 종로구 종로3가 16','서울 종로구 종로 123','126.9912770871939','37.570662249779616',''),(27,'KB국민은행 노원종합금융센터','1588-9999','서울 노원구 상계동 731-5','서울 노원구 동일로 1405','127.06017764841525','37.653831028008845',''),(28,'KB국민은행 신중동역종합금융센터','1588-9999','경기 부천시 원미구 중동 1135-2','경기 부천시 원미구 소향로 245','126.77498458882745','37.50075767074275',''),(29,'KB국민은행 둔촌역','1588-9999','서울 강동구 둔촌동 170-1','서울 강동구 양재대로 1360','127.137044700314','37.52747478095257',''),(30,'KB국민은행 응암오거리','1588-9999','서울 은평구 응암동 600-1','서울 은평구 응암로 197','126.91680447699143','37.58962440118486',''),(31,'KB국민은행 송파위례','1588-9999','서울 송파구 거여동 604-2','서울 송파구 위례서로 244','127.14214009599364','37.4863027707294',''),(32,'KB국민은행 발산역','1588-9999','서울 강서구 마곡동 794-1','서울 강서구 강서로 385','126.8383037661727','37.56009308549794',''),(33,'KB국민은행 망우동종합금융센터','1588-9999','서울 중랑구 망우동 564-5','서울 중랑구 상봉로 134','127.09332362134558','37.59787891986468',''),(34,'KB국민은행 합정역','1588-9999','서울 마포구 서교동 490','서울 마포구 양화로 45','126.91319016092096','37.550760977767965',''),(35,'KB국민은행 부천내동종합금융센터','1588-9999','경기 부천시 오정구 내동 201','경기 부천시 오정구 수도로 149','126.7817645759493','37.51777952527944',''),(36,'KB국민은행 낙성대역','1588-9999','서울 관악구 봉천동 1659-5','서울 관악구 남부순환로 1926','126.96314530546555','37.47681831557832',''),(37,'KB국민은행 수유동','1588-9999','서울 강북구 수유동 92-2','서울 강북구 도봉로 281','127.02304917423082','37.63347737911234',''),(38,'KB국민은행 양재남종합금융센터','1588-9999','서울 서초구 양재동 275-2','서울 서초구 논현로 79','127.0447877989646','37.47691558691565',''),(39,'KB국민은행 용산종합금융센터','1588-9999','서울 용산구 한강로3가 16-9','서울 용산구 청파로 74','126.95955842553091','37.5327884946193',''),(40,'KB국민은행 디지털밸리종합금융센터','1588-9999','서울 구로구 구로동 212-30','서울 구로구 디지털로 273','126.89410293271172','37.48395404458199',''),(41,'KB국민은행 테헤란중앙','1588-9999','서울 강남구 역삼동 701','서울 강남구 언주로 508','127.04296839721921','37.50394108219552',''),(42,'KB국민은행 신논현역','1588-9999','서울 강남구 논현동 165-1','서울 강남구 강남대로 500','127.02380190185552','37.50690269728879',''),(43,'KB국민은행 강남대로','1588-9999','서울 서초구 서초동 1317-23','서울 서초구 서초대로 411','127.02592287915334','37.49810663304964',''),(44,'KB국민은행 학동사거리','1588-9999','서울 강남구 신사동 666-11','서울 강남구 선릉로 801','127.0388143879828','37.52357990162127',''),(45,'KB국민은행 성수동','1588-9999','서울 성동구 성수동2가 325-2','서울 성동구 성수이로 51','127.0551121490874','37.54024104114121',''),(46,'KB국민은행 군자역','1588-9999','서울 광진구 중곡동 140-29','서울 광진구 천호대로 575','127.08212992191686','37.556499175921346',''),(47,'KB국민은행 성수역종합금융센터','1588-9999','서울 성동구 성수동2가 284-68','서울 성동구 성수일로10길 32','127.05337503958589','37.54623708915629',''),(48,'KB국민은행 중곡동','1588-9999','서울 광진구 중곡동 125-5','서울 광진구 용마산로 63','127.08740368423778','37.55924433159017',''),(49,'KB국민은행 스타시티PB센터','1588-9999','서울 광진구 자양동 227-342','서울 광진구 능동로 90','127.07092199982058','37.538362128494214',''),(50,'KB국민은행 구의동','1588-9999','서울 광진구 구의동 66-65','서울 광진구 광나루로 525','127.08796209690549','37.5451748352267',''),(51,'KB국민은행 신자양','1588-9999','서울 광진구 자양동 553-15','서울 광진구 뚝섬로 503','127.06624123817566','37.53597449310228',''),(52,'KB국민은행 청담동','1588-9999','서울 강남구 청담동 52','서울 강남구 도산대로 524','127.05083893201486','37.52426820862223',''),(53,'KB국민은행 화양동','1588-9999','서울 성동구 성수동2가 281-4','서울 성동구 광나루로 310','127.06445695646802','37.547801099838075',''),(54,'KB국민은행 자양중앙(점)','1588-9999','서울 광진구 자양동 553-502','서울 광진구 뚝섬로 558','127.07186949183588','37.534112437772926',''),(55,'KB국민은행 광진구청','1588-9999','서울 광진구 자양동 870','서울 광진구 아차산로 400','127.08772197703371','37.53629025658192',''),(56,'KB국민은행 세종대','1588-9999','서울 광진구 군자동 98-38','서울 광진구 능동로 195-16','127.07339706739769','37.54813826072103',''),(57,'KB국민은행 청담영동(점)','1588-9999','서울 강남구 청담동 132-1','서울 강남구 영동대로 720','127.05646086924688','37.52218794317997',''),(58,'KB국민은행 서여의도영업부','1588-9999','서울 영등포구 여의도동 15-22','서울 영등포구 의사당대로 13','126.91853688428235','37.52823078138537',''),(59,'KB국민은행 여의도종합금융센터','1588-9999','서울 영등포구 여의도동 35-3','서울 영등포구 여의나루로 50','126.92565135760076','37.521805022447694',''),(60,'KB국민은행 증권타운','1588-9999','서울 영등포구 여의도동 25-4','서울 영등포구 여의나루로 67','126.9265071013731','37.52356341383109',''),(61,'KB국민은행 영등포구청역','1588-9999','서울 영등포구 당산동3가 386-1','서울 영등포구 당산로 133','126.89654042089323','37.52671699691721',''),(62,'KB국민은행 신도림','1588-9999','서울 구로구 신도림동 337','서울 구로구 경인로 661','126.88777257933116','37.509528667390896',''),(63,'KB국민은행 상도동','1588-9999','서울 동작구 상도동 368-19','서울 동작구 상도로 190','126.93973747614199','37.504793985729094',''),(64,'KB국민은행 대방로','1588-9999','서울 영등포구 신길동 1196','서울 영등포구 여의대방로 259','126.92413364385642','37.51024598479795',''),(65,'KB국민은행 양평동종합금융센터','1588-9999','서울 영등포구 양평동4가 153-11','서울 영등포구 선유로 265','126.89760878525071','37.53634241990637',''),(66,'KB국민은행 문래동','1588-9999','서울 영등포구 양평동1가 5-1','서울 영등포구 선유로 82','126.8902741961685','37.52128280422211',''),(67,'KB국민은행 신길동','1588-9999','서울 영등포구 신길동 259-6','서울 영등포구 가마산로 480','126.9096504271785','37.50564968118668',''),(68,'KB국민은행 여의도리버타워(점)','1588-9999','서울 영등포구 여의도동 61-5','서울 영등포구 63로 36','126.93858660283406','37.51942660122702',''),(69,'KB국민은행 노량진','1588-9999','서울 동작구 노량진동 27-2','서울 동작구 노량진로 100','126.93699931873766','37.5129673720979',''),(70,'KB국민은행 영등포중기타운','1588-9999','서울 영등포구 영등포동2가 94-121','서울 영등포구 버드나루로 47','126.91093749286124','37.522775134312646',''),(71,'KB국민은행 동여의도','1588-9999','서울 영등포구 여의도동 43-2','서울 영등포구 국제금융로 72','126.93083639433304','37.52111980652505',''),(72,'KB희망금융플라자 영등포','02-2639-0288','서울 영등포구 양평동4가 153-11','서울 영등포구 선유로 265','126.897595289251','37.5362829421976',''),(73,'KB국민은행ATM 문래동점','02-2634-6448','서울 영등포구 문래동6가 10','서울 영등포구 선유로 75','126.889299822082','37.5207854426374',''),(74,'KB국민은행 금천','1588-9999','서울 금천구 시흥동 890-4','서울 금천구 시흥대로 202','126.90214515028137','37.45196068377049',''),(75,'KB국민은행 하안동','1588-9999','경기 광명시 하안동 35','경기 광명시 범안로 1036','126.87834306298639','37.461441555143054',''),(76,'KB국민은행 독산홈플러스','1588-9999','서울 금천구 독산동 291-7','서울 금천구 시흥대로 391','126.89688499958639','37.46866367341759',''),(77,'KB국민은행 가산벤처','02-852-4807','서울 금천구 가산동 673','서울 금천구 가산디지털1로 16','126.888086222962','37.4676104956029',''),(78,'KB국민은행 잠실역','1588-9999','서울 송파구 신천동 7-17','서울 송파구 송파대로 562','127.09950300239298','37.51532361529149',''),(79,'KB국민은행 한성백제역','1588-9999','서울 송파구 방이동 51-2','서울 송파구 백제고분로 501','127.11479887465055','37.515090795567545',''),(80,'KB국민은행 석촌동','1588-9999','서울 송파구 삼전동 130-5','서울 송파구 삼학사로 99','127.0969437330931','37.50606792586322',''),(81,'KB국민은행 가락동','1588-9999','서울 송파구 가락동 98-3','서울 송파구 송파대로 274','127.118082149045','37.49402746966408',''),(82,'KB국민은행 잠실중앙','1588-9999','서울 송파구 잠실동 27-6','서울 송파구 올림픽로 203','127.09332238456922','37.51248599361499',''),(83,'KB국민은행 송파종합금융센터','1588-9999','서울 송파구 송파동 20','서울 송파구 백제고분로 393','127.10894110926765','37.50675214524073',''),(84,'KB국민은행 방이역','1588-9999','서울 송파구 오금동 17-3','서울 송파구 마천로5길 10','127.1270265316166','37.509210942374594',''),(85,'KB국민은행 잠실','1588-9999','서울 송파구 신천동 17-4','서울 송파구 올림픽로37길 130','127.10442096971619','37.520882162245464',''),(86,'KB국민은행 송파헬리오시티','1588-9999','서울 송파구 가락동 913','서울 송파구 송파대로 345','127.11179941402641','37.49935132079804',''),(87,'KB국민은행 올림픽PB센터','1588-9999','서울 송파구 방이동 184-1','서울 송파구 위례성대로 138','127.1268182663274','37.51179344345737',''),(88,'KB국민은행 잠실롯데PB센터','1588-9999','서울 송파구 잠실동 40-1','서울 송파구 올림픽로 240','127.09761690714969','37.51232935190987',''),(89,'KB국민은행 훼밀리타운(점)','1588-9999','서울 송파구 문정동 150-2','서울 송파구 중대로 80','127.11784225080528','37.49176167731852',''),(90,'KB골든라이프센터 잠실지점','1599-1599','서울 송파구 잠실동 27-6','서울 송파구 올림픽로 203','127.09305180738913','37.512286184216414',''),(91,'KB국민은행 양재역종합금융센터','1588-9999','서울 강남구 도곡동 949-3','서울 강남구 강남대로 262','127.03344496352045','37.486960184567664',''),(92,'KB국민은행 강남타운','1588-9999','서울 강남구 역삼동 825-13','서울 강남구 강남대로 388','127.02842297830982','37.497449224294066',''),(93,'KB국민은행 서초중앙','1588-9999','서울 서초구 서초동 1600-3','서울 서초구 서초중앙로 53','127.01500090787573','37.48654049220762',''),(94,'KB국민은행 역삼PB센터','1588-9999','서울 강남구 역삼동 838','서울 강남구 강남대로 298','127.0321640761563','37.49005279915157',''),(95,'KB국민은행 강남중앙','1588-9999','서울 강남구 역삼동 820-11','서울 강남구 강남대로 402','127.02783090146403','37.4987765476693',''),(96,'KB국민은행 테헤란로','1588-9999','서울 강남구 역삼동 708-6','서울 강남구 테헤란로 334','127.04852817745329','37.5039452360659',''),(97,'KB국민은행 서초2동','1588-9999','서울 서초구 서초동 1337-31','서울 서초구 강남대로 329','127.02973729125748','37.49239154919818',''),(98,'KB국민은행 논현동','1588-9999','서울 강남구 논현동 237-10','서울 강남구 언주로 603','127.03740100534017','37.50908140807004',''),(99,'KB국민은행 교대역','1588-9999','서울 서초구 서초동 1715-10','서울 서초구 서초대로 283','127.01268871617657','37.4936749415907',''),(100,'KB국민은행 신사중앙','1588-9999','서울 강남구 신사동 539-10','서울 강남구 도산대로 149','127.02470831084085','37.51864529826768',''),(101,'KB국민은행 논현역종합금융센터','1588-9999','서울 강남구 논현동 51-6','서울 강남구 학동로 107','127.02248799056864','37.51170981472344',''),(102,'KB국민은행 학동역(점)','1588-9999','서울 강남구 논현동 129-1','서울 강남구 논현로 667','127.03052615078629','37.51356768348264',''),(103,'KB국민은행 언주로','1588-9999','서울 강남구 논현동 115-11','서울 강남구 언주로 706','127.0357507424286','37.51601604709257',''),(104,'KB국민은행 신사동종합금융센터','1588-9999','서울 서초구 잠원동 21-3','서울 서초구 강남대로 597','127.01931731956563','37.51503598182906',''),(105,'KB국민은행 서초남','1588-9999','서울 서초구 서초동 1586-7','서울 서초구 효령로 267','127.01341198505648','37.484869312859054',''),(106,'KB국민은행 삼성타운(점)','1588-9999','서울 서초구 서초동 1321-20','서울 서초구 서초대로74길 14','127.02612455616706','37.49595858899522',''),(107,'KB국민은행 역삼중앙','1588-9999','서울 강남구 역삼동 747-29','서울 강남구 역삼로 175','127.03825718814504','37.495764269586985',''),(108,'KB국민은행 서초무지개','1588-9999','서울 서초구 서초동 1757-1','서울 서초구 효령로 403','127.02776043307209','37.48865465095529',''),(109,'KB국민은행 서초동종합금융센터','1588-9999','서울 서초구 서초동 1687-1','서울 서초구 서초중앙로24길 41','127.01778795552994','37.49560784474176',''),(110,'KB국민은행 매봉역','1588-9999','서울 강남구 도곡동 419-1','서울 강남구 남부순환로378길 10','127.0456861896281','37.485551413464385',''),(111,'KB국민은행 역삼역','1588-9999','서울 강남구 역삼동 628-13','서울 강남구 논현로 531','127.03515114554304','37.50375625786622',''),(112,'KB국민은행 KCC(점)','1588-9999','서울 서초구 서초동 1301-4','서울 서초구 사평대로 344','127.02080253565505','37.50299470234955',''),(113,'KB국민은행 반포남(점)','1588-9999','서울 서초구 반포동 52-1','서울 서초구 고무래로 26','127.01125163836068','37.5023454720317',''),(114,'KB국민은행 역삼동종합금융센터','1588-9999','서울 강남구 역삼동 838','서울 강남구 강남대로 298','127.0321640761561','37.49005279914433',''),(115,'KB국민은행 반포역','1588-9999','서울 서초구 잠원동 58-24','서울 서초구 신반포로 257','127.01193798097498','37.50861369841815',''),(116,'KB국민은행 영동종합금융센터','1588-9999','서울 강남구 논현동 278-8','서울 강남구 선릉로 601','127.04343815343442','37.510503830481575',''),(117,'KB국민은행 강남스타PB센터','1588-9999','서울 강남구 역삼동 737','서울 강남구 테헤란로 152','127.03650873345568','37.50002388011416',''),(118,'KB국민은행 대기업금융1센터','1588-9999','서울 강남구 역삼동 838','서울 강남구 강남대로 298','127.0321640761561','37.49005279914433',''),(119,'KB국민은행 서초PB센터','1588-9999','서울 서초구 서초동 1687-1','서울 서초구 서초중앙로24길 41','127.01778795552994','37.49560784474176',''),(120,'KB골든라이프센터 서초지점','02-3673-7514','서울 서초구 서초동 1687-1','서울 서초구 서초중앙로24길 41','127.017839979708','37.4956330650942',''),(121,'KB희망금융플라자 영동','02-2040-0515','서울 강남구 논현동 278-24','서울 강남구 선릉로 601','127.043437039088','37.5105326630338',''),(122,'KB국민은행 대기업금융2센터','1588-9999','서울 강남구 역삼동 838','서울 강남구 강남대로 298','127.0321640761561','37.49005279914433',''),(123,'KB국민은행 대기업금융3센터','1599-9999','서울 강남구 역삼동 838','서울 강남구 강남대로 298','127.03216747225822','37.49006180830303',''),(124,'KB희망금융플라자 서초','02-530-0440','서울 서초구 서초동 1687-1','서울 서초구 서초중앙로24길 41','127.017839972849','37.4956042328781',''),(125,'KB국민은행 서울숲','1588-9999','서울 성동구 성수동1가 656-292','서울 성동구 왕십리로 125','127.04389380535312','37.5488385736766',''),(126,'KB국민은행 보문동','1588-9999','서울 성북구 보문동7가 112-2','서울 성북구 보문로 34','127.0232915742024','37.578855721944784',''),(127,'KB국민은행 왕십리역','1588-9999','서울 성동구 행당동 168-151','서울 성동구 왕십리광장로 17','127.03839374171214','37.56144184311158',''),(128,'KB국민은행 전농동','1588-9999','서울 동대문구 전농동 648-1','서울 동대문구 서울시립대로 50','127.04762148743211','37.575639072792725',''),(129,'KB국민은행 용답동','1588-9999','서울 성동구 용답동 2-3','서울 성동구 천호대로 320','127.05513107846937','37.56440670006125',''),(130,'KB국민은행 동대문구청','1588-9999','서울 동대문구 용두동 39-9','서울 동대문구 천호대로 145','127.03989691956193','37.57439135564961',''),(131,'KB국민은행 서울숲PB센터','1588-9999','서울 성동구 성수동1가 685-700','서울 성동구 왕십리로 83-21','127.0432722836789','37.54448247329433',''),(132,'KB국민은행 금호동','1588-9999','서울 성동구 금호동4가 540-1','서울 성동구 독서당로 306','127.022884763657','37.547975951634854',''),(133,'KB국민은행ATM 왕십리365자동화점','02-2291-5494','서울 성동구 하왕십리동 1070','서울 성동구 왕십리로 410','127.029485293421','37.5646690702551',''),(134,'KB국민은행ATM 서울교통공사','02-2249-3691','서울 성동구 용답동 223-3','서울 성동구 천호대로 346','127.05723496229','37.5625865873594',''),(135,'KB국민은행 장한평역종합금융센터','1588-9999','서울 동대문구 장안동 416-6','서울 동대문구 천호대로 405','127.06418171176654','37.56201178361814',''),(136,'KB국민은행 국군재정관리단지점','02-793-6393','서울 용산구 이태원동 293-2','서울 용산구 회나무로 4','126.987992767029','37.538467508927',''),(137,'KB국민은행 동부이촌동','1588-9999','서울 용산구 이촌동 302-51','서울 용산구 이촌로 206','126.96985434692111','37.5208902363133',''),(138,'KB국민은행 이촌PB센터','1588-9999','서울 용산구 이촌동 302-51','서울 용산구 이촌로 206','126.96985434692111','37.5208902363133',''),(139,'KB국민은행ATM 동부이촌동점','02-796-8512','서울 용산구 이촌동 302-51','서울 용산구 이촌로 206','126.969850955825','37.5208839284342',''),(140,'KB국민은행 남가좌동','1588-9999','서울 서대문구 남가좌동 344-30','서울 서대문구 증가로 136','126.92253360757356','37.57766130964232',''),(141,'KB국민은행 성산동','1588-9999','서울 마포구 성산동 228-14','서울 마포구 월드컵북로 68','126.9168032983416','37.56015737770161',''),(142,'KB국민은행 모래내(점)','1588-9999','서울 서대문구 남가좌동 295-10','서울 서대문구 수색로 40','126.91433486626084','37.57001250776001',''),(143,'KB국민은행 광명사거리','1588-9999','경기 광명시 광명동 158-514','경기 광명시 광명로 896','126.85450824635086','37.47887528576614',''),(144,'KB국민은행 철산역종합금융센터','1588-9999','경기 광명시 철산동 245-9','경기 광명시 철산로 15','126.86771428569074','37.476440064865656',''),(145,'KB국민은행 고척동','1588-9999','서울 구로구 고척동 72-49','서울 구로구 경인로 387','126.86314202908817','37.497086849848316',''),(146,'KB국민은행 오류동','1588-9999','서울 구로구 오류동 44-10','서울 구로구 경인로 176','126.84105097270644','37.49436067970701',''),(147,'KB국민은행 개봉남','1588-9999','서울 구로구 개봉동 403-196','서울 구로구 개봉로 10','126.85671390972938','37.48662034309686',''),(148,'KB국민은행 동양미래대(점)','1588-9999','서울 구로구 고척동 62-160','서울 구로구 경인로 445','126.86816920468532','37.49999560722131',''),(149,'KB국민은행 종로종합금융센터','1588-9999','서울 종로구 종로4가 5','서울 종로구 종로 199','126.99974643749967','37.57143382371337',''),(150,'KB국민은행 남대문종합금융센터','1588-9999','서울 중구 남대문로4가 17-12','서울 중구 세종대로 50','126.97624430553762','37.56092311769959',''),(151,'KB국민은행 종로중앙종합금융센터','1588-9999','서울 종로구 인사동 194-27','서울 종로구 인사동5길 29','126.98484160453273','37.571987863815856',''),(152,'KB국민은행 명동영업부','1588-9999','서울 중구 을지로2가 6','서울 중구 을지로 51','126.9836813878868','37.566493438426136',''),(153,'KB국민은행 중부','1588-9999','서울 중구 초동 42','서울 중구 충무로 29','126.9924742593834','37.563839090688724',''),(154,'KB국민은행 서소문','1588-9999','서울 중구 순화동 66','서울 중구 세종대로7길 43','126.9722579957836','37.56106460582485',''),(155,'KB국민은행 충무로역종합금융센터','1588-9999','서울 중구 충무로4가 125-3','서울 중구 퇴계로 213','126.99548965237241','37.561905705884676',''),(156,'KB국민은행 퇴계로','1588-9999','서울 중구 남창동 31-1','서울 중구 남대문시장8길 2','126.97845265926189','37.56029824957432',''),(157,'KB국민은행 광화문역(점)','1588-9999','서울 종로구 당주동 160','서울 종로구 새문안로5길 13','126.97441511305304','37.57136978393392',''),(158,'KB국민은행 서린동','1588-9999','서울 종로구 서린동 33','서울 종로구 청계천로 41','126.98218539034208','37.56967103400506',''),(159,'KB국민은행 청계','1588-9999','서울 종로구 예지동 269-25','서울 종로구 청계천로 199','126.99969663778649','37.56965706078843',''),(160,'KB국민은행 세종로','1588-9999','서울 종로구 수송동 156','서울 종로구 삼봉로 71','126.98111381016905','37.57266757756819',''),(161,'KB국민은행 KT광화문(점)','1588-9999','서울 종로구 청진동 244','서울 종로구 종로3길 33','126.97884887685223','37.57200676413032',''),(162,'KB국민은행 태평로(점)','1588-9999','서울 중구 태평로1가 61-21','서울 중구 세종대로21길 40','126.97584693041168','37.56826795830282',''),(163,'KB국민은행 동아미디어','1588-9999','서울 종로구 서린동 159-1','서울 종로구 청계천로 1','126.97801985568067','37.56954599457126',''),(164,'KB국민은행 명동스타PB센터','1588-9999','서울 중구 을지로2가 6','서울 중구 을지로 51','126.9836813878868','37.566493438426136',''),(165,'KB골든라이프센터 종로지점','1599-9999','서울 종로구 인사동 194-27','서울 종로구 인사동5길 29','126.9849559071669','37.57212573069293',''),(166,'KB국민은행 강북삼성병원(점)','1588-9999','서울 종로구 평동 108-1','서울 종로구 새문안로 29','126.96859246565101','37.5681283989238',''),(167,'KB희망금융플라자 중앙','1599-5995','서울 중구 남대문로4가 45','서울 중구 세종대로 39','126.973782662232','37.5607595163265',''),(168,'KB희망금융플라자 중부','02-6363-7575','서울 종로구 당주동 160','서울 종로구 새문안로5길 13','126.974426434029','37.5713661824122',''),(169,'KB국민은행ATM 무교점','02-3783-0852','서울 중구 무교동 97','서울 중구 세종대로 136','126.97878762708498','37.56844782144291',''),(170,'KB국민은행 광화문역 ATM','02-739-0881','서울 종로구 당주동 160','서울 종로구 새문안로5길 13','126.974415113053','37.57136978394','');
/*!40000 ALTER TABLE `branch` ENABLE KEYS */;
UNLOCK TABLES;

--
-- Table structure for table `custom_recommend_prdt`
--

DROP TABLE IF EXISTS `custom_recommend_prdt`;
/*!40101 SET @saved_cs_client     = @@character_set_client */;
/*!50503 SET character_set_client = utf8mb4 */;
CREATE TABLE `custom_recommend_prdt` (
                                         `user_email` varchar(255) NOT NULL,
                                         `fin_prdt_cd` varchar(20) NOT NULL,
                                         `score` double DEFAULT NULL,
                                         PRIMARY KEY (`user_email`,`fin_prdt_cd`),
                                         CONSTRAINT `fk_custom_recommend_prdt_user` FOREIGN KEY (`user_email`) REFERENCES `user` (`email`) ON DELETE CASCADE ON UPDATE CASCADE
) ENGINE=InnoDB DEFAULT CHARSET=utf8mb4 COLLATE=utf8mb4_0900_ai_ci;
/*!40101 SET character_set_client = @saved_cs_client */;

--
-- Dumping data for table `custom_recommend_prdt`
--

LOCK TABLES `custom_recommend_prdt` WRITE;
/*!40000 ALTER TABLE `custom_recommend_prdt` DISABLE KEYS */;
/*!40000 ALTER TABLE `custom_recommend_prdt` ENABLE KEYS */;
UNLOCK TABLES;

--
-- Table structure for table `deposit`
--

DROP TABLE IF EXISTS `deposit`;
/*!40101 SET @saved_cs_client     = @@character_set_client */;
/*!50503 SET character_set_client = utf8mb4 */;
CREATE TABLE `deposit` (
                           `fin_prdt_cd` varchar(50) NOT NULL,
                           `fin_prdt_category` varchar(2) DEFAULT NULL,
                           `fin_prdt_nm` varchar(50) DEFAULT NULL,
                           `fin_co_no` varchar(20) DEFAULT NULL,
                           `kor_co_nm` varchar(15) DEFAULT NULL,
                           `prdt_feature` varchar(255) DEFAULT NULL,
                           `description` text,
                           `join_way` varchar(50) DEFAULT NULL,
                           `mtrt_int` text,
                           `spcl_cnd` text,
                           `join_deny` varchar(2) DEFAULT NULL,
                           `join_member` varchar(150) DEFAULT NULL,
                           `join_price` varchar(100) DEFAULT NULL,
                           `join_term` varchar(45) DEFAULT NULL,
                           `etc_note` text,
                           `rec_reason` text,
                           `tendency` double DEFAULT NULL,
                           `asset_proportion` double DEFAULT NULL,
                           PRIMARY KEY (`fin_prdt_cd`)
) ENGINE=InnoDB DEFAULT CHARSET=utf8mb4 COLLATE=utf8mb4_0900_ai_ci;
/*!40101 SET character_set_client = @saved_cs_client */;

--
-- Dumping data for table `deposit`
--

LOCK TABLES `deposit` WRITE;
/*!40000 ALTER TABLE `deposit` DISABLE KEYS */;
INSERT INTO `deposit` VALUES ('DP01000014','1','일반정기예금','0010927','국민은행','대면가입 목돈을 안정적으로 예치하기 위한 예금','목돈을 일정기간동안 예치하여 안정적인 수익을 목적으로 하는 일시예치식 예금입니다.','영업점','-1개월 이내 : 기본이율 X 50%\n-1개월 초과~3개월 이내 : 기본이율 X 30%\n-3개월 초과 : 0.1%,','해당없음','1','제한없음','최저 10만원이상 최고한도 없음(원단위)',NULL,'','원금 보장 정기예금 상품으로, 목돈을 안전하게 예치하고자 하는 시니어분들에게 적합합니다.',0.81,0.86),('DP01000029','1','국민수퍼정기예금(개인)','0010927','국민은행','우대금리 이율 등 직접 설계 가능한 예금','가입자가 이율, 이자지급, 만기일 등을 직접 설계하여 저축할 수 있는 다기능 맞춤식 정기예금입니다.','영업점, 고객센터','-1개월 이내 : 기본이율 X 50%\n-1개월 초과~3개월 이내 : 기본이율 X 30%\n-3개월 초과 : 0.1%','① 금리우대쿠폰  ② 비과세·중장기주택부금 만기 후 연 0.1%p 우대','1','제한없음','신규시 최저 1백만원 이상, 건별 10만원 이상 30회까지 추가 입금 가능',NULL,'','일정 금액 이상 예치 시 우대금리를 제공하는 상품입니다. 은퇴자산 늘리고자 하는 시니어분들에게 추천합니다.',0.78,0.98),('DP01000214','1','국민수퍼정기예금(CD금리연동형)','0010927','국민은행','우대금리 CD금리 연동, 금리상승기에 유리한 예금','매 3개월마다 CD수익률에 따라 금리가 변경 적용되어 금리상승기에 유리한 정기예금 (예금자 보호 대상)','영업점, 고객센터','-1개월 이내 : 기본이율 X 50%\n -1개월 초과~3개월 이내 : 기본이율 X 30%\n -3개월 초과 : 0.1%','비과세가계저축 및 중장기주택부금 만기계좌를 해지일로부터 2개월 이내에 본인이나 배우자 또는 직계존비속 명의로 계약기간 1년 이상 가입하는 계좌 : 연 0.1%p','1','제한없음','신규시 최저 1백만원 이상, 건별 10만원 이상 추가입금 가능',NULL,'','CD금리에 연동되어 시장 금리 상승 시 더 높은 수익 기대할 수 있는 상품입니다. 시니어의 자산을 시장과 연동해 운용하려는 경우 적합합니다.',0.91,0.98),('DP01000780','1','KB골든라이프연금우대통장','0010927','국민은행','우대금리 연금 수령 시 우대금리 및 수수료 면제','고객의 안정적인 노후생활을 위한 3층 연금 구조 형성을 지원하며, 연금 수령 시 수수료 면제와 우대금리를 제공하는 요구불예금 상품입니다.','영업점','-1개월 이내 : 기본이율 X 50%\n -1개월 초과~3개월 이내 : 기본이율 X 30%\n -3개월 초과 : 0.1%','연금 수령 실적에 따라 우대금리 제공(최저 0.5% ~ 최고 1.5%)','1','실명의 개인 (1인 1계좌)',NULL,NULL,'비과세종합저축 대상, 수수료 면제 및 환율 우대','연금 수령 고객에게 우대금리 + 수수료 면제 혜택 제공하기에 국민연금, 공무원연금 등을 수령 중인 시니어에게 적합합니다.',0.33,0.49),('DP01000938','1','KB Star 정기예금','0010927','국민은행','간편가입 디지털 전용, 편리한 온라인 예금','인터넷뱅킹, KB스타뱅킹, 고객센터를 통해서만 가입가능한 Digital KB 대표 정기예금으로, 자동 만기관리부터 분할인출까지 가능한 편리한 온라인 전용 정기예금입니다.\n- 분할인출 : 가입일로부터 1개월이상 경과된 계좌에 한해 계좌별 3회(해지 포함) 이내 분할인출이 가능합니다. 인출금액은 제한이 없으나 분할인출 후 계좌별 잔액이 1백만원 이상 유지되어야 합니다.\n-만기해지방법 : 1.자동해지 2.자동재예치(원금) 3.자동재예치(원금+이자)\n-예금유의사항 : 1.금융소비자는 해당 상품 또는 서비스에 대하여 설명받을 권리가 있습니다. 2.만기 전 해지할 경우 계약에서 정한 이율보다 낮은 중도해지이율이 적용됩니다. 계좌에 압류, 가압류, 질권 등이 등록될 경우 원금 및 이자 지급이 제한될 수 있습니다. 이 상품은 KB국민은행 수신상품부(P)에서 관리하는 상품입니다. 기타 상품에 대한 자세한 사항은 영업점 또는 고객센터(☎ 1588-9999)로 문의하시기 바랍니다.','인터넷뱅킹, KB스타뱅킹, 고객센터','-1개월 이내 : 기본이율 X 50%\n-1개월 초과~3개월 이내 : 기본이율 X 30%\n-3개월 초과 : 0.1%','-금리우대쿠폰 : 이 예금의 신규 시 금리우대쿠폰을 적용한 경우 쿠폰 우대금리를 기본이율에 가산','1','개인 및 개인사업자','1백만원 이상 (추가입금 불가)','1개월 ~ 36개월 이하(월단위)','','디지털 전용 상품으로 높은 금리 제공하는 상품입니다. 스마트폰 사용에 익숙한 시니어에게 추천합니다.',0.78,0.81),('DP01001624','1','KB Star 지수연동예금 25-3호(KOSPI200 상승추구형(최저이율보장형))','0010927','국민은행','간편가입 KOSPI200 지수 연동, 원금 보장','만기해지 시 예금원금은 보장하면서 기초자산인 KOSPI200 지수의 변동에 연동하여 이자수익이 결정되는 상품입니다.','스타뱅킹','-연 0.1% (만기일부터 예금지급일 전일까지의 적용금리)','해당없음','1','제한없음','1백만원 이상(만원 단위)',NULL,'','안정성과 기본 수익+상승 시 추가 수익을 함께 추구하려는 금융 이해도가 높은 시니어에게 합니다.',0.04,-0.39),('DP01001625','1','KB Star 지수연동예금 25-3호(KOSPI200 상승낙아웃형(최저이율보장형))','0010927','국민은행','간편가입 KOSPI200 지수 연동, 원금 보장','만기해지 시 예금원금은 보장하면서 기초자산인 KOSPI200 지수의 변동에 연동하여 이자수익이 결정되는 상품입니다.','스타뱅킹','-연 0.1% (만기일부터 예금지급일 전일까지의 적용금리)','해당없음','1','제한없음','1백만원 이상 (만원 단위)',NULL,'','안정성을 중심으로 수익을 함께 추구하려는 금융 이해도가 높은 시니어에게 합니다.',0.14,-0.42),('DP01001626','1','KB Star 지수연동예금 25-3호(KOSPI200 상승낙아웃형(고수익목표형))','0010927','국민은행','간편가입 KOSPI200 지수 연동, 원금 보장','만기해지 시 예금원금은 보장하면서 기초자산인 KOSPI200 지수의 변동에 연동하여 이자수익이 결정되는 상품입니다.','스타뱅킹','-연 0.1% (만기일부터 예금지급일 전일까지의 적용금리)','해당없음','1','제한없음','1백만원 이상 (만원 단위)',NULL,'','안정성과 고수익을 함께 추구하려는 금융 이해도가 높은 시니어에게 적합합니다.',0.05,-0.16),('DP240000','1','정기예금','0013127','KB저축은행','우대금리 영업점 판매, 확정 금리 제공','일정기간 여유자금을 예금하시면 확정 금리로 높은 수익을 드리는 영업점 판매 상품입니다.','영업점','-1개월이내 : 신규가입일 당시 약정이율과 만기일 현재 고시이율 중 낮은 이율\n-1개월초과 : 보통예금이율','-인터넷뱅킹 신규가입하여 출금계좌를 등록한 후 당일 창구 신규시 우대금리 연 0.1%p적용.\n단, 신규가입일 포함 14일 이내 타기관 공인인증서 미등록시 우대금리 적용해제','1','제한없음','1백만원 이상','3개월 ~ 36개월','','전통적이고 단순한 예금 상품으로 복잡한 조건 없이 가입 가능하여 심리적 안정감을 제공하기에 전통적인 예금 상품을 찾는 시니어에게 적합합니다.',0.82,0.99),('DP240001','1','KB e-plus 정기예금','0013127','KB저축은행','간편가입 온라인 전용, 확정 금리 제공','일정기간 여유자금을 예금하시면 확정 금리로 높은 수익을 드리는 온라인 가입 전용상품입니다.','인터넷뱅킹, 스타뱅킹','-1개월이내 : 신규가입일 당시 약정이율과 만기일 현재 고시이율 중 낮은 이율\n-1개월초과 : 보통예금이율','해당없음','1','제한없음','1백만원 이상','3개월 ~ 36개월','','비대면 가입 시 우대금리 제공하는 상품입니다. 영업점 방문이 어려운 시니어에게 추천합니다.',0.84,0.81),('DP240004','1','플러스회전식정기예금(대면)','0013127','KB저축은행','우대금리 매년 금리 변동 장기 목돈 상품','매 회전주기(1년)마다 약정이율이 변동되는 장기목돈굴리기 상품입니다.','영업점','-1개월이내 : 신규가입일 당시 약정이율과 만기일 현재 고시이율 중 낮은 이율\n-1개월초과 : 보통예금이율','-만 65세이상 첫가입시 최초 1계좌에 한하여 우대금리 연 0.1%p적용','1','제한없음','1백만원 이상','36개월로 매 회전주기(1년)마다 자동회전되는 회전정기예금(변동금리상품)','','만기 시 자동 재예치 기능이 있어 복잡한 재계약 절차 없이 예치 유지가 가능한 상품입니다. 인지적 부담이 적어 시니어에게 적합합니다.',0.99,0.81),('DP240005','1','플러스회전식정기예금','0013127','KB저축은행','간편가입 매년 금리 변동 장기 상품','매 회전주기(1년)마다 약정이율이 변동되는 장기목돈굴리기 상품입니다.','영업점','-1개월이내 : 신규가입일 당시 약정이율과 만기일 현재 고시이율 중 낮은 이율\n-1개월초과 : 보통예금이율','해당없음','1','제한없음','1백만원 이상','36개월로 매 회전주기(1년)마다 자동회전되는 회전정기예금(변동금리상품)','','만기 시 자동 재예치 기능이 있어 복잡한 재계약 절차 없이 예치 유지가 가능한 상품입니다. 인지적 부담이 적어 시니어에게 적합합니다.',0.87,0.81);
/*!40000 ALTER TABLE `deposit` ENABLE KEYS */;
UNLOCK TABLES;

--
-- Table structure for table `deposit_option`
--

DROP TABLE IF EXISTS `deposit_option`;
/*!40101 SET @saved_cs_client     = @@character_set_client */;
/*!50503 SET character_set_client = utf8mb4 */;
CREATE TABLE `deposit_option` (
                                  `option_cd` int NOT NULL AUTO_INCREMENT,
                                  `fin_prdt_cd` varchar(50) NOT NULL,
                                  `intr_rate_type_nm` varchar(10) DEFAULT NULL,
                                  `save_trm` varchar(3) DEFAULT NULL,
                                  `intr_rate` double DEFAULT NULL,
                                  `intr_rate2` double DEFAULT NULL,
                                  PRIMARY KEY (`option_cd`),
                                  KEY `fk_fin_prdt_deposit` (`fin_prdt_cd`),
                                  CONSTRAINT `fk_fin_prdt_deposit` FOREIGN KEY (`fin_prdt_cd`) REFERENCES `deposit` (`fin_prdt_cd`)
) ENGINE=InnoDB AUTO_INCREMENT=75 DEFAULT CHARSET=utf8mb4 COLLATE=utf8mb4_0900_ai_ci;
/*!40101 SET character_set_client = @saved_cs_client */;

--
-- Dumping data for table `deposit_option`
--

LOCK TABLES `deposit_option` WRITE;
/*!40000 ALTER TABLE `deposit_option` DISABLE KEYS */;
INSERT INTO `deposit_option` VALUES (38,'DP01000938','단리','1',1.8,2.45),(39,'DP01000938','단리','3',2,2.45),(40,'DP01000938','단리','6',2.1,2.45),(41,'DP01000938','단리','12',2.15,2.45),(42,'DP01000938','단리','24',2.2,2.4),(43,'DP01000938','단리','36',2.2,2.4),(44,'DP01000029','고정금리','12',2.05,2.15),(45,'DP01000214','변동금리','12',2.02,2.02),(46,'DP01000014','고정금리','36',2.25,2.25),(47,'DP01001624','지수연동','12',2.55,2.75),(48,'DP01001625','지수연동','12',2.4,4.4),(49,'DP01001626','지수연동','12',2.4,4.4),(50,'DP240000','단리','3',2.3,2.4),(51,'DP240000','단리','6',2.6,2.7),(52,'DP240000','단리','12',2.6,2.7),(53,'DP240000','단리','24',2.5,2.6),(54,'DP240000','단리','36',2.4,2.5),(55,'DP240000','복리','3',2.3,2.4),(56,'DP240000','복리','6',2.6,2.7),(57,'DP240000','복리','12',2.6,2.7),(58,'DP240000','복리','24',2.5,2.6),(59,'DP240000','복리','36',2.4,2.5),(60,'DP240001','단리','3',2.4,2.4),(61,'DP240001','단리','6',2.7,2.7),(62,'DP240001','단리','12',2.7,2.7),(63,'DP240001','단리','24',2.6,2.6),(64,'DP240001','단리','36',2.5,2.5),(65,'DP240001','복리','3',2.4,2.4),(66,'DP240001','복리','6',2.7,2.7),(67,'DP240001','복리','12',2.7,2.7),(68,'DP240001','복리','24',2.6,2.6),(69,'DP240001','복리','36',2.5,2.5),(70,'DP240004','단리','12',2.8,2.9),(71,'DP240004','복리','12',2.8,2.9),(72,'DP240005','단리','12',2.9,2.9),(73,'DP240005','복리','12',2.9,2.9),(74,'DP01000780','변동금리',NULL,0.1,1.5);
/*!40000 ALTER TABLE `deposit_option` ENABLE KEYS */;
UNLOCK TABLES;

--
-- Table structure for table `faq`
--

DROP TABLE IF EXISTS `faq`;
/*!40101 SET @saved_cs_client     = @@character_set_client */;
/*!50503 SET character_set_client = utf8mb4 */;
CREATE TABLE `faq` (
                       `faq_id` int NOT NULL AUTO_INCREMENT,
                       `category` varchar(8) DEFAULT NULL,
                       `title` varchar(50) DEFAULT NULL,
                       `content` text,
                       PRIMARY KEY (`faq_id`)
) ENGINE=InnoDB AUTO_INCREMENT=36 DEFAULT CHARSET=utf8mb4 COLLATE=utf8mb4_0900_ai_ci;
/*!40101 SET character_set_client = @saved_cs_client */;

--
-- Dumping data for table `faq`
--

LOCK TABLES `faq` WRITE;
/*!40000 ALTER TABLE `faq` DISABLE KEYS */;
INSERT INTO `faq` VALUES (1,'상속','상속세는 어떤 세금이며, 언제까지 신고해야 하나요?','<p>상속세란 돌아가신 분(피상속인)이 남긴 재산에 대해 상속인이 내는 세금을 말합니다.</p><p>상속세는 <strong>사망일이 속하는 달의 말일로부터 6개월 이내</strong>(상속인 전원이 해외 거주 시 9개월 이내)에 신고 및 납부해야 합니다. 기한을 넘기면 가산세가 부과됩니다.</p><p>과세 대상은 부동산, 금융자산, 주식 등 모든 재산이며, 여기서 고인의 빚(채무)과 장례비, 각종 공제 금액을 뺀 나머지에 대해 세금이 계산됩니다. 재산과 빚은 정부24 \'안심상속 원스톱서비스\'를 통해 편리하게 조회할 수 있습니다.</p>'),(2,'상속','재산이 얼마부터 상속세가 나오나요?','<p>상속세는 일정 금액을 초과할 때만 발생하며, <strong>최소 5억 원까지는 \'기초공제\'로 세금이 없습니다.</strong></p><p>여기에 가족 구성원에 따라 추가 공제가 적용되어 세금 부담이 줄어듭니다.</p><ul class=\"ml-6 list-disc space-y-1 text-sm\"><li><strong>배우자와 자녀가 모두 있는 경우:</strong> 최소 10억 원까지 공제 (기초공제 5억 + 배우자공제 최소 5억)</li><li><strong>자녀만 있는 경우:</strong> 5억 원까지 공제</li><li><strong>배우자만 있는 경우:</strong> 최소 7억 원에서 최대 30억 원까지 공제</li></ul><p>따라서 같은 10억 원짜리 집을 물려받아도 누가 상속받는지에 따라 세금이 나올 수도, 안 나올 수도 있습니다.</p>'),(3,'상속','사망 시 재산 외에 상속재산에 추가되는 것이 있나요?','<p>네, 사망 시점의 재산 외에도 아래 항목들이 상속재산에 포함되어 상속세가 계산됩니다.</p><ul class=\"ml-6 list-disc space-y-1 text-sm\"><li><strong>사전 증여재산:</strong> 돌아가시기 전 10년 안에 상속인에게, 5년 안에 상속인 외의 자에게 증여한 재산</li><li><strong>사망보험금 및 퇴직금:</strong> 피상속인의 사망으로 인해 지급받는 생명보험금, 손해보험금, 퇴직금 등</li><li><strong>추정 상속재산:</strong> 돌아가시기 전 1~2년 이내에 2억 원 또는 5억 원이 넘는 큰돈을 인출하고 사용처가 불분명한 경우, 그 금액의 일부</li></ul><p>따라서 상속을 대비한 증여는 최소 10년 이상의 장기적인 계획이 중요합니다.</p>'),(4,'증여','증여세를 줄이는 방법과 공제 한도는 어떻게 되나요?','<p>증여세는 \'증여재산공제\'를 활용하면 세금을 줄일 수 있습니다. 공제는 <strong>재산을 받는 사람(수증자) 기준</strong>으로, 10년 동안 합산하여 아래 한도까지 적용됩니다.</p><ul class=\"ml-6 list-disc space-y-1 text-sm\"><li><strong>배우자에게 받을 때:</strong> 6억 원</li><li><strong>직계존속(부모, 조부모)에게 받을 때:</strong> 5천만 원 (수증자가 미성년자면 2천만 원)</li><li><strong>직계비속(자녀, 손주)에게 받을 때:</strong> 5천만 원 (손주가 미성년자면 2천만 원)</li><li><strong>기타 친족(형제, 사위, 며느리 등)에게 받을 때:</strong> 1천만 원</li></ul><p><strong>[중요]</strong> 부모님이 한 자녀에게 증여할 때는 아버지와 어머니를 \'동일인\'으로 보아, 두 분께 받은 금액을 합쳐 총 5천만 원까지만 공제됩니다.</p><p>특히 2024년부터는 <strong>결혼 또는 출산 시, 위 공제와 별도로 1억 원을 추가 공제</strong>받을 수 있는 제도가 신설되었습니다.</p>'),(5,'상속','형제자매 간 상속 분쟁이 생기면 어떻게 해결하나요?','<p>상속 분쟁은 주로 상속 재산의 규모, 기여도, 생전 증여 여부 때문에 발생합니다.</p><p>형제자매 간 분쟁을 해결하는 대표적인 방법은 다음과 같습니다:</p><ul class=\"ml-6 list-disc space-y-1 text-sm\"><li><strong>유류분 반환 청구:</strong> 특정 형제에게 재산이 편중되었다고 판단되면 법정 상속분의 일부를 돌려달라고 청구할 수 있습니다.</li><li><strong>기여분 청구:</strong> 부모님을 특별히 부양하는 등 생전에 기여한 형제는 추가 상속 지분을 주장할 수 있습니다.</li><li><strong>상속재산분할 심판 청구:</strong> 협의가 안 될 경우 가정법원에 조정을 신청하거나 공정한 분할을 요구하는 심판을 청구할 수 있습니다.</li></ul><p>가능하다면, 상속 개시 전 유언장 작성이나 가족 간 사전 합의를 통해 갈등을 최소화하는 것이 가장 바람직합니다.</p>'),(6,'증여','증여세는 주는 사람과 받는 사람 중 누가 내야 하나요?','<p>증여세는 <strong>재산을 받는 사람(수증자)이 납부</strong>하는 것이 원칙입니다.</p><p>만약 수증자 대신 증여자가 세금을 내준다면, 그 세금 액수만큼을 추가로 증여한 것으로 간주하여 세금이 더 부과될 수 있습니다. 이를 \'대납 증여\'라고 합니다.</p><p>따라서 세금은 원칙대로 수증자가 직접 신고하고 납부하는 것이 가장 안전합니다.</p>'),(7,'상속','부모님이 재산보다 빚을 더 많이 남겼는데 상속해야 하나요?','<p>아닙니다. 상속은 재산뿐 아니라 빚(채무)도 함께 물려받는 것입니다.</p><p>만약 재산보다 빚이 더 많다면, <strong>\'상속 포기\'</strong>나 <strong>\'한정승인\'</strong> 제도를 통해 빚을 떠안지 않을 수 있습니다. 이 제도는 사망 사실을 안 날로부터 <strong>3개월 이내에 가정법원에 신청</strong>해야 합니다.</p><p>상속세는 남긴 재산에서 빚을 뺀 순재산을 기준으로 계산되므로, 빚이 더 많은 경우에는 상속세가 발생하지 않습니다.</p>'),(8,'상속','유언장이 있으면 반드시 그 내용대로 상속해야 하나요?','<p>원칙적으로 법적 요건을 갖춘 유언장은 그 내용을 우선적으로 따릅니다. 하지만 아래와 같은 경우 유언장 내용과 다르게 상속될 수 있습니다.</p><ul class=\"ml-6 list-disc space-y-1 text-sm\"><li><strong>유언장이 무효인 경우:</strong> 자필 서명이나 날짜가 없거나, 법적 형식을 갖추지 않은 유언장은 효력이 없습니다.</li><li><strong>유류분 권리를 침해하는 경우:</strong> 유언으로 특정 상속인의 재산을 0원으로 만들었더라도, 그 상속인은 법으로 보장된 최소한의 상속 지분(유류분)을 청구할 수 있습니다.</li></ul><p>따라서 유언장 내용이 있더라도, 상속인의 법적 권리를 완전히 무시할 수는 없습니다.</p>'),(9,'상속','증여와 상속 중 어느 쪽이 더 유리한가요?','<p>증여와 상속은 각각 장단점이 있어 가족의 상황, 자산 규모에 따라 유불리가 달라집니다.</p><p><strong>✔️ 증여가 유리한 경우</strong></p><ul class=\"ml-6 list-disc space-y-1 text-sm\"><li>자녀가 미리 재산을 활용해야 할 때</li><li>10년 단위로 나누어 분산 증여하여 낮은 세율을 적용받고 싶을 때</li><li>앞으로 가격이 크게 오를 것으로 예상되는 자산을 미리 넘겨줄 때</li></ul><p><strong>✔️ 상속이 유리한 경우</strong></p><ul class=\"ml-6 list-disc space-y-1 text-sm\"><li>배우자 공제 등 공제 혜택이 증여보다 훨씬 클 때</li><li>상속 재산에 빚이 많아 순재산이 적을 때</li><li>상속받은 부동산은 사망일 기준 시가로 취득가액이 정해져 양도세 절세에 유리할 때</li></ul><p>일반적으로 자산 규모가 크지 않다면 상속이, 장기 계획 하에 분산이 가능하다면 증여가 유리할 수 있습니다.</p>'),(10,'증여','주식이나 가상자산(코인)도 증여세 대상인가요?','<p>네, 주식이나 가상자산도 금전적 가치가 있는 재산이므로 증여세 과세 대상입니다.</p><p>증여가액은 아래 시점을 기준으로 평가합니다.</p><ul class=\"ml-6 list-disc space-y-1 text-sm\"><li><strong>상장주식:</strong> 증여일 이전과 이후 각 2개월(총 4개월) 동안의 평균 종가</li><li><strong>가상자산:</strong> 증여일 이전과 이후 각 1개월(총 2개월) 동안 공시된 일평균가액의 평균액</li><li><strong>비상장주식:</strong> 세법에 따른 별도의 평가 방법을 통해 가치 산정</li></ul><p>특히 부모가 자녀 명의 계좌로 직접 주식 투자를 반복하여 수익을 낸다면, 원금뿐만 아니라 그 투자 수익에 대해서도 추가로 증여세가 과세될 수 있으니 주의해야 합니다.</p>'),(11,'상속','상속 주택의 가격은 어떻게 정하나요?','<p>상속 주택의 가격은 세법에서 정한 순서에 따라 결정됩니다. 첫 번째는 돌아가시기 전 2년부터 돌아가신 후 15개월 사이에 실제로 거래된 가격(매매, 경매 등)입니다. 만약 이 기간에 거래된 적이 없다면, 비슷한 다른 주택이 거래된 가격을 기준으로 합니다. 이마저도 없다면 마지막으로 나라에서 정한 공시가격을 사용합니다.</p>'),(12,'상속','배우자가 집을 상속받으면 세금이 어떻게 되나요?','<p>배우자가 재산을 상속받으면 세금 부담이 크게 줄어듭니다. 배우자가 있으면 다른 가족이 재산을 받더라도 최소 5억 원의 배우자 공제를 받을 수 있습니다. 만약 배우자가 직접 재산을 상속받는다면, 실제로 받은 금액만큼 공제 금액이 더 커집니다. 예를 들어 10억 원이 넘는 집을 자녀보다 배우자가 상속받는 것이 공제를 더 많이 받아 세금 면에서 유리합니다.</p>'),(13,'증여','부모님 집에서 자녀만 공짜로 살아도 되나요?','<p>원칙적으로 부모님 소유의 집에 자녀가 무상으로 거주하면 증여세가 부과될 수 있습니다. 세법에서는 월세를 내지 않은 만큼 이익을 증여받았다고 보기 때문입니다. 다만, 집값이 약 13억 원 이하인 경우에는 5년간의 이익이 1억 원을 넘지 않아 세금이 나오지 않습니다. 물론, 집주인인 부모님과 함께 사는 경우에는 증여세가 과세되지 않습니다.</p>'),(14,'상속','부모님을 모시고 살다 상속받으면 혜택이 있나요?','<p>네, \'동거주택 상속공제\'라는 세금 혜택이 있습니다. 돌아가신 부모님과 10년 이상 한집에서 계속 같이 살았던 자녀가 그 집을 상속받으면, 집값의 최대 6억 원까지 공제받을 수 있습니다. 군 복무나 학업 등의 이유로 잠시 떨어져 살았던 기간도 10년에 포함될 수 있습니다. 이 혜택은 함께 산 자녀에게만 적용됩니다.</p>'),(15,'상속','집을 상속받아 2주택자가 되면 종부세를 내나요?','<p>집을 갑자기 상속받아 2주택자가 되어도 바로 종합부동산세(종부세) 걱정을 할 필요는 없습니다. 상속받은 날로부터 5년 동안은 1주택자로 보기 때문입니다. 또한, 상속받은 집이 수도권이나 광역시 밖의 공시가격 3억 원 이하 주택이거나, 내가 받은 지분이 40% 이하(지분 가액 6억 원 이하)인 경우에도 주택 수에 포함되지 않아 계속 1주택자로 인정됩니다.</p>'),(16,'상속','2주택일 때 어느 집을 먼저 파는 게 유리한가요?','<p>상속으로 2주택이 된 경우, 원래 가지고 있던 기존 주택을 먼저 파는 것이 세금상 유리합니다. 원래 살던 집을 먼저 팔면 1세대 1주택으로 인정되어 양도소득세 비과세 혜택을 받을 수 있기 때문입니다. 다만, 기존 주택을 2년 이상 보유하는 등 비과세 요건은 갖춰야 합니다. 상속받은 주택을 먼저 팔게 되면 양도소득세가 과세됩니다.</p>'),(17,'증여','부모자식 간에 돈을 빌려도 증여세가 나오나요?','<p>네, 증여로 추정될 수 있어 주의해야 합니다. 부모자식 사이의 돈거래를 빌린 돈으로 인정받으려면, 다른 사람과 거래하는 것처럼 차용증을 자세히 쓰고 실제로 약속한 날에 이자를 지급하고 원금을 갚아야 합니다.</p><p>만약 이자 없이 돈을 빌렸다면, 내지 않은 이자만큼을 증여받은 것으로 볼 수 있습니다. 다만, 법에서 정한 이자율(연 4.6%)로 계산한 이자 금액이 연간 1천만 원 미만일 경우에는 증여세가 과세되지 않습니다.</p>'),(18,'상속','자녀 이름으로 든 보험금은 상속세가 없나요?','<p>사실이 아닙니다. 보험계약자가 자녀 이름으로 되어 있어도, 실제 보험료를 부모님이 내주셨다면 그 사망보험금은 상속재산에 포함되어 상속세가 과세됩니다. 자녀가 스스로 번 돈으로 직접 보험료를 냈다는 사실이 증명되어야만 상속재산에서 제외될 수 있습니다.</p>'),(19,'증여','자녀의 대출을 부모가 대신 갚아줘도 괜찮나요?','<p>사실이 아닙니다. 자녀 명의로 대출을 받았더라도 부모님이 담보를 제공하거나 원금과 이자를 대신 갚아준다면, 세무서는 이를 \'부모가 자녀에게 현금을 증여한 것\'으로 봅니다. 이 경우 자녀가 증여세를 낼 돈이 없다면, 부모님이 대신 내야 하는 의무가 있습니다.</p>'),(20,'증여','축의금으로 신혼집을 사도 증여세가 없나요?','<p>축의금의 주인이 누구인지에 따라 달라져 주의해야 합니다. 법원에서는 축의금을 신랑·신부에게 직접 전달된 일부를 제외하고는 대부분 혼주인 부모님의 돈으로 봅니다. 따라서 부모님께 들어온 축의금으로 자녀가 집을 사면, 부모님께 현금을 증여받은 것으로 보아 증여세가 과세될 수 있습니다. 누구의 손님인지 방명록 등을 잘 보관하는 것이 좋습니다.</p>'),(21,'증여','생활비 명목으로 보낸 돈은 증여세가 없나요?','<p>항상 비과세되는 것은 아닙니다. 소득이 없는 가족에게 주는 일반적인 수준의 생활비나 교육비는 증여세가 없습니다. 하지만 소득이 있는 자녀에게 생활비 명목으로 돈을 보내거나, 생활비로 받은 돈을 쓰지 않고 모아서 예·적금을 하거나 집, 주식 등을 사는 데 사용하면 증여세가 부과될 수 있습니다.</p>'),(22,'증여','세금이 없어도 증여 신고를 꼭 해야 하나요?','<p>네, 증여받은 날이 속한 달의 말일부터 3개월 안에 신고하는 것이 좋습니다. 공제를 받아 실제로 낼 세금이 없더라도 신고해두면 여러모로 유리합니다. 신고한 금액은 나중에 다른 재산을 사거나 빚을 갚을 때 자금 출처로 당당하게 인정받을 수 있고, 증여받은 재산을 나중에 팔 때 취득가액으로 인정받아 양도소득세를 줄이는 데 도움이 될 수 있습니다.</p>'),(23,'증여','혼인·출산 증여재산공제는 어떻게 받나요?','<p>결혼이나 출산 시 1억 원을 추가로 공제받는 제도는 현금뿐만 아니라 부동산, 주식 등 대부분의 재산을 증여받을 때 적용 가능합니다. 증여받은 재산을 꼭 결혼 자금이나 양육비로 써야 하는 것은 아니며, 전세 보증금이나 주택 구입 자금으로 사용해도 공제를 받을 수 있습니다. 다만, 빚을 대신 갚아주거나 저금리로 돈을 빌려주는 등의 방식은 이 혜택에서 제외됩니다.</p>'),(24,'증여','아버지 집을 시세보다 싸게 사도 증여세가 나오나요?','<p>네, 증여세가 나올 수 있습니다. 가까운 친척에게서 시세보다 현저히 낮은 가격으로 재산을 살 경우, 그 차액을 증여로 봅니다. 시가와 내가 낸 돈의 차이가 시가의 30%와 3억 원 중 적은 금액보다 크면 증여세 과세 대상이 됩니다. 예를 들어 시가 8억 원짜리 집을 3억 원에 샀다면, 그 차액에서 일정 금액을 뺀 나머지에 대해 증여세가 부과될 수 있습니다.</p>'),(25,'증여','창업 자금으로 증여받을 때 세금 혜택이 있나요?','<p>네, \'창업자금 증여세 과세특례\'라는 제도가 있습니다. 만 18세 이상 자녀가 만 60세 이상 부모님께 창업 자금을 증여받을 경우, 최대 5억 원까지 공제되어 사실상 세금을 내지 않습니다. 다만, 혜택을 받으려면 2년 안에 특정 업종으로 창업하고, 4년 안에 자금을 모두 사용하며, 10년간 사업을 유지하는 등 까다로운 조건을 지켜야 합니다.</p>'),(26,'증여','부동산에 대출이 있을 경우 증여세 계산은 어떻게 되나요?','<p>부동산을 증여할 때 해당 부동산에 대출(담보대출 등)이 있는 경우, 대출의 부담을 수증자가 승계한다면 그 대출 금액은 \'부담부 증여\'로 간주되어 증여가액에서 차감됩니다.</p><p>즉, <strong>증여가액 = 부동산 시가 - 수증자가 떠안는 대출 금액</strong>으로 계산됩니다.</p><p>예시:</p><ul class=\"ml-6 list-disc space-y-1 text-sm\"><li>부동산 시가: 4억 원</li><li>대출금: 1억 원</li><li>수증자가 대출까지 함께 승계한 경우 → 증여가액: 3억 원</li></ul><p>이 경우, 3억 원에서 수증자의 공제한도를 뺀 금액에 대해 증여세가 부과됩니다.</p>'),(27,'증여','과거에 증여한 금액도 이번 증여세 계산에 포함되나요?','<p>네, 동일한 증여자에게서 10년 이내에 받은 증여는 <strong>합산하여 증여세를 계산</strong>해야 합니다.</p><p>예를 들어, 부모로부터 5년 전에 3,000만 원을 증여받았고, 이번에 4,000만 원을 추가로 받는다면:</p><ul class=\"ml-6 list-disc space-y-1 text-sm\"><li>합산 증여액: 3,000만 원 + 4,000만 원 = 7,000만 원</li><li>공제 한도(성년 자녀 기준): 5,000만 원</li><li>과세 대상: 2,000만 원</li></ul><p>만약 과거에 이미 공제 한도를 초과해서 세금을 납부했다면, 이번 증여에서 공제를 다시 적용할 수 없습니다.</p>'),(28,'증여','증여세 계산은 자산별로 따로 하나요, 합쳐서 하나요?','<p>증여세는 수증자(받는 사람) 1인 기준으로, <strong>모든 자산을 합산하여 한 번에 계산</strong>합니다.</p><p>예를 들어, 자녀에게 예금 1억, 부동산 3억, 주식 5천만 원을 증여한다면, 자산별로 따로 계산하는 것이 아니라 <strong>총 4억 5천만 원을 한꺼번에 합쳐</strong> 증여세를 계산하게 됩니다.</p>'),(29,'상속','상속받은 부동산은 언제든 팔 수 있나요?','<p>상속받은 부동산은 <strong>상속등기(소유권 이전 등기)를 마친 후</strong>에야 매도할 수 있습니다.</p><p>특히 공동상속인이 있다면, 협의를 통해 지분을 정리하고 단독 소유로 변경해야 원활한 처분이 가능합니다.</p><p>또한, 향후 부동산을 매각하면 <strong>양도소득세</strong>가 발생할 수 있는데, 이때 취득가액은 <strong>사망일 기준의 시가</strong>로 계산되므로, 부모님이 아주 오래전에 싸게 산 부동산이라도 양도세 부담이 줄어드는 효과가 있을 수 있습니다.</p>'),(30,'상속','상속 재산이 국내외에 나눠져 있을 경우 어떻게 신고하나요?','<p>상속세는 <strong>국내에 주소를 둔 사람(거주자)이 사망한 경우</strong> 국내·해외를 불문하고 <strong>전 세계 재산을 모두 포함해 과세</strong>합니다.</p><p>해외 재산도 사망일 기준 시가(한화 환산)로 계산하여 반드시 포함해야 하며, 누락 시 과소신고 가산세(최대 40%)와 탈세 조사 대상이 될 수 있습니다.</p><p>한편, <strong>사망자가 비거주자(해외에 주소가 있는 경우)</strong>라면 한국 내 재산(예: 부동산, 금융자산)만 상속세 과세 대상이 됩니다.</p>'),(31,'증여','부모와 자녀가 함께 소유한 부동산을 넘길 때도 증여세가 발생하나요?','<p>부모와 자녀가 <strong>공동 소유하고 있는 부동산의 지분을 이전</strong>할 경우에도, 그 지분이 무상으로 이전된다면 <strong>증여세가 발생</strong>합니다.</p><p>예를 들어, 아파트의 50%를 부모가, 50%를 자녀가 공동소유하고 있었는데, 부모의 지분을 자녀에게 무상으로 넘긴다면, 자녀는 부모로부터 50%의 지분을 \'증여\'받은 것으로 간주되어 그 지분의 시가를 기준으로 증여세가 부과됩니다.</p>'),(32,'증여','해외 거주자가 증여할 때 어떻게 되나요?','<p>해외 거주자라도 <strong>대한민국 국적이거나 한국에 일정 기간 이상 거주한 경우</strong>, 국내 증여세 과세 대상이 될 수 있습니다.</p><p>증여세는 <strong>거주자의 국적, 거주기간, 자산 소재지</strong>에 따라 과세 범위가 달라집니다. 기본적인 원칙은 아래와 같습니다:</p><ul class=\"ml-6 list-disc space-y-1 text-sm\"><li><strong>증여자 또는 수증자 중 한 명이라도 \'국내 거주자\'일 경우</strong> → 전 세계 자산에 대해 증여세 과세</li><li><strong>증여자와 수증자 모두 비거주자일 경우</strong> → 국내에 있는 자산에 대해서만 증여세 과세</li></ul>'),(33,'증여','법인이나 사업체도 증여할 수 있나요?','<p><strong>사업체나 법인의 지분, 자산, 경영권</strong> 등도 증여의 대상이 될 수 있으며, 이 경우에도 <strong>증여세가 발생</strong>합니다.</p><p>예를 들어, 부모가 자녀에게 법인 지분 30%를 무상으로 넘기면, 그 지분 가치가 <strong>시가로 평가되어 증여세 과세</strong> 대상이 됩니다. 사업체 관련 증여는 세금 구조가 복잡할 수 있으므로, 세무 전문가와 사전 상담을 거치는 것이 필수입니다.</p>'),(34,'증여','어떤 경우에 증여세를 내야 하나요?','<p>증여세는 다른 사람에게서 재산을 공짜로 받았을 때 내는 세금입니다. 현금이나 부동산뿐만 아니라 분양권처럼 경제적 가치가 있는 모든 것이 포함됩니다.</p><p>시세보다 훨씬 저렴하게 재산을 살 때 얻는 이익도 증여로 볼 수 있습니다. 다만, 우리가 흔히 주고받는 생활비, 교육비, 축하금, 명절 용돈 등은 사회 통념상 인정되는 범위 내에서 세금이 부과되지 않습니다.</p>'),(35,'증여','혼인·출산 공제는 첫 결혼, 첫 아이만 되나요?','<p>아닙니다. 출산 공제는 첫째, 둘째 등 자녀의 출생 순서와 상관없이 받을 수 있습니다. 결혼 공제 역시 초혼과 재혼을 구분하지 않습니다.</p><p>다만, 한 사람당 평생 받을 수 있는 혼인·출산 관련 공제 <strong>총 한도가 1억 원</strong>입니다.</p><p>예를 들어, 결혼할 때 7천만 원을 공제받았다면, 이후 자녀가 태어났을 때는 남은 한도인 3천만 원까지만 추가로 공제받을 수 있습니다.</p>');
/*!40000 ALTER TABLE `faq` ENABLE KEYS */;
UNLOCK TABLES;

--
-- Table structure for table `fund`
--

DROP TABLE IF EXISTS `fund`;
/*!40101 SET @saved_cs_client     = @@character_set_client */;
/*!50503 SET character_set_client = utf8mb4 */;
CREATE TABLE `fund` (
                        `fin_prdt_cd` varchar(50) NOT NULL,
                        `fin_prdt_category` varchar(2) DEFAULT NULL,
                        `fin_prdt_nm` varchar(50) DEFAULT NULL,
                        `fin_co_no` varchar(20) DEFAULT NULL,
                        `kor_co_nm` varchar(15) DEFAULT NULL,
                        `prdt_feature` varchar(255) DEFAULT NULL,
                        `rec_reason` text,
                        `tendency` double DEFAULT NULL,
                        `asset_proportion` double DEFAULT NULL,
                        PRIMARY KEY (`fin_prdt_cd`)
) ENGINE=InnoDB DEFAULT CHARSET=utf8mb4 COLLATE=utf8mb4_0900_ai_ci;
/*!40101 SET character_set_client = @saved_cs_client */;

--
-- Dumping data for table `fund`
--

LOCK TABLES `fund` WRITE;
/*!40000 ALTER TABLE `fund` DISABLE KEYS */;
INSERT INTO `fund` VALUES ('1A81','5','KB국민참여정책형뉴딜','0010930','KB자산운용','뉴딜정책 관련 기업에 분산 투자','국가 정책과 연계된 안정 투자로 은퇴 이후 자산을 장기적으로 굴리고 싶은 시니어에게 추천합니다.',-0.72,-0.64),('2A43','5','KBESG성장리더스','0010930','KB자산운용','ESG 우수기업 중심 성장 투자','사회적 가치와 안정 수익을 함께 추구하는 가치 중심 시니어에게 적합합니다.',-0.72,-0.58),('2F33','5','KB중소형주포커스','0010930','KB자산운용','국내 중소형 우량주에 집중','성장 가능성 높은 중소형주로 노후 자산에 활력을 더하고 싶은 적극적인 시니어에게 추천합니다.',-0.66,-0.58),('2H62','5','KB스타코리아레버리지2.0','0010930','KB자산운용','코스피200 레버리지 전략','상승장에서 높은 수익을 노리는 금융 이해도 높은 시니어에게 적합합니다.',-1,-0.8),('2K24','5','KB가치배당소득공제','0010930','KB자산운용','고배당주 투자 및 세제 혜택','안정적 배당과 세제 혜택으로 노후 생활비를 보완하고 싶은 시니어에게 추천합니다.',0.2,0.35),('2M72','5','KB가치배당20','0010930','KB자산운용','고배당 중심의 안정적 수익 추구','꾸준한 배당과 안정성을 중시하는 장기 투자형 시니어에게 적합합니다.',0.19,0.09),('2N73','5','KB차이나H주식인덱스','0010930','KB자산운용','중국 H주 인덱스 연동 투자','해외 시장 성장성에 투자해 은퇴 후 자산 분산을 원하는 시니어에게 추천합니다.',-0.77,-0.89),('2S01','5','KB광개토','0010930','KB자산운용','국내 가치/성장주 균형 투자','국내외 다양한 자산에 분산 투자해 안정성과 수익성을 동시에 추구하는 시니어에게 적합합니다.',-0.1,-0.12),('32G1','5','KB글로벌대표지수분산','0010930','KB자산운용','글로벌 주요지수 ETF 분산 투자','세계 대표 지수에 투자해 장기적이고 안정적인 노후 자산 성장을 원하는 시니어에게 추천합니다.',0.21,-0.13),('33R2','5','KB코리아밸류업액티브','0010930','KB자산운용','국내 저평가 가치주 집중','국내 가치주 중심으로 안정 수익과 자산 보전을 원하는 시니어에게 적합합니다.',0.36,0.17);
/*!40000 ALTER TABLE `fund` ENABLE KEYS */;
UNLOCK TABLES;

--
-- Table structure for table `fund_daily_return`
--

DROP TABLE IF EXISTS `fund_daily_return`;
/*!40101 SET @saved_cs_client     = @@character_set_client */;
/*!50503 SET character_set_client = utf8mb4 */;
CREATE TABLE `fund_daily_return` (
                                     `id` bigint NOT NULL AUTO_INCREMENT,
                                     `fund_code` varchar(20) NOT NULL,
                                     `record_date` date NOT NULL,
                                     `return_rate` decimal(5,2) NOT NULL,
                                     `created_at` datetime DEFAULT CURRENT_TIMESTAMP,
                                     `updated_at` datetime DEFAULT CURRENT_TIMESTAMP ON UPDATE CURRENT_TIMESTAMP,
                                     PRIMARY KEY (`id`),
                                     UNIQUE KEY `uk_fund_date` (`fund_code`,`record_date`)
) ENGINE=InnoDB AUTO_INCREMENT=901 DEFAULT CHARSET=utf8mb4 COLLATE=utf8mb4_0900_ai_ci;
/*!40101 SET character_set_client = @saved_cs_client */;

--
-- Dumping data for table `fund_daily_return`
--

LOCK TABLES `fund_daily_return` WRITE;
/*!40000 ALTER TABLE `fund_daily_return` DISABLE KEYS */;
INSERT INTO `fund_daily_return` VALUES (1,'2N73','2025-05-08',-0.68,'2025-08-07 18:13:41','2025-08-07 18:13:41'),(2,'2N73','2025-05-09',-0.67,'2025-08-07 18:13:41','2025-08-07 18:13:41'),(3,'2N73','2025-05-10',2.97,'2025-08-07 18:13:41','2025-08-07 18:13:41'),(4,'2N73','2025-05-11',-0.61,'2025-08-07 18:13:41','2025-08-07 18:13:41'),(5,'2N73','2025-05-12',3.00,'2025-08-07 18:13:41','2025-08-07 18:13:41'),(6,'2N73','2025-05-13',2.76,'2025-08-07 18:13:41','2025-08-07 18:13:41'),(7,'2N73','2025-05-14',-0.43,'2025-08-07 18:13:41','2025-08-07 18:13:41'),(8,'2N73','2025-05-15',-2.89,'2025-08-07 18:13:41','2025-08-07 18:13:41'),(9,'2N73','2025-05-16',-1.82,'2025-08-07 18:13:41','2025-08-07 18:13:41'),(10,'2N73','2025-05-17',-1.65,'2025-08-07 18:13:41','2025-08-07 18:13:41'),(11,'2N73','2025-05-18',-1.28,'2025-08-07 18:13:41','2025-08-07 18:13:41'),(12,'2N73','2025-05-19',3.97,'2025-08-07 18:13:41','2025-08-07 18:13:41'),(13,'2N73','2025-05-20',1.59,'2025-08-07 18:13:41','2025-08-07 18:13:41'),(14,'2N73','2025-05-21',2.99,'2025-08-07 18:13:41','2025-08-07 18:13:41'),(15,'2N73','2025-05-22',3.78,'2025-08-07 18:13:41','2025-08-07 18:13:41'),(16,'2N73','2025-05-23',-1.28,'2025-08-07 18:13:41','2025-08-07 18:13:41'),(17,'2N73','2025-05-24',0.96,'2025-08-07 18:13:41','2025-08-07 18:13:41'),(18,'2N73','2025-05-25',3.24,'2025-08-07 18:13:41','2025-08-07 18:13:41'),(19,'2N73','2025-05-26',3.55,'2025-08-07 18:13:41','2025-08-07 18:13:41'),(20,'2N73','2025-05-27',-2.59,'2025-08-07 18:13:41','2025-08-07 18:13:41'),(21,'2N73','2025-05-28',-0.96,'2025-08-07 18:13:41','2025-08-07 18:13:41'),(22,'2N73','2025-05-29',-0.36,'2025-08-07 18:13:41','2025-08-07 18:13:41'),(23,'2N73','2025-05-30',3.59,'2025-08-07 18:13:41','2025-08-07 18:13:41'),(24,'2N73','2025-05-31',2.92,'2025-08-07 18:13:41','2025-08-07 18:13:41'),(25,'2N73','2025-06-01',-1.14,'2025-08-07 18:13:41','2025-08-07 18:13:41'),(26,'2N73','2025-06-02',1.96,'2025-08-07 18:13:41','2025-08-07 18:13:41'),(27,'2N73','2025-06-03',3.69,'2025-08-07 18:13:41','2025-08-07 18:13:41'),(28,'2N73','2025-06-04',2.47,'2025-08-07 18:13:41','2025-08-07 18:13:41'),(29,'2N73','2025-06-05',-1.28,'2025-08-07 18:13:41','2025-08-07 18:13:41'),(30,'2N73','2025-06-06',-2.66,'2025-08-07 18:13:41','2025-08-07 18:13:41'),(31,'2N73','2025-06-07',-1.53,'2025-08-07 18:13:41','2025-08-07 18:13:41'),(32,'2N73','2025-06-08',3.30,'2025-08-07 18:13:41','2025-08-07 18:13:41'),(33,'2N73','2025-06-09',-2.96,'2025-08-07 18:13:41','2025-08-07 18:13:41'),(34,'2N73','2025-06-10',1.95,'2025-08-07 18:13:41','2025-08-07 18:13:41'),(35,'2N73','2025-06-11',0.60,'2025-08-07 18:13:41','2025-08-07 18:13:41'),(36,'2N73','2025-06-12',-0.60,'2025-08-07 18:13:41','2025-08-07 18:13:41'),(37,'2N73','2025-06-13',3.55,'2025-08-07 18:13:41','2025-08-07 18:13:41'),(38,'2N73','2025-06-14',-0.05,'2025-08-07 18:13:41','2025-08-07 18:13:41'),(39,'2N73','2025-06-15',-0.89,'2025-08-07 18:13:41','2025-08-07 18:13:41'),(40,'2N73','2025-06-16',-2.30,'2025-08-07 18:13:41','2025-08-07 18:13:41'),(41,'2N73','2025-06-17',-1.82,'2025-08-07 18:13:41','2025-08-07 18:13:41'),(42,'2N73','2025-06-18',-1.16,'2025-08-07 18:13:41','2025-08-07 18:13:41'),(43,'2N73','2025-06-19',0.27,'2025-08-07 18:13:41','2025-08-07 18:13:41'),(44,'2N73','2025-06-20',-2.38,'2025-08-07 18:13:41','2025-08-07 18:13:41'),(45,'2N73','2025-06-21',-0.97,'2025-08-07 18:13:41','2025-08-07 18:13:41'),(46,'2N73','2025-06-22',2.49,'2025-08-07 18:13:41','2025-08-07 18:13:41'),(47,'2N73','2025-06-23',-0.46,'2025-08-07 18:13:41','2025-08-07 18:13:41'),(48,'2N73','2025-06-24',3.77,'2025-08-07 18:13:41','2025-08-07 18:13:41'),(49,'2N73','2025-06-25',-0.89,'2025-08-07 18:13:41','2025-08-07 18:13:41'),(50,'2N73','2025-06-26',-2.84,'2025-08-07 18:13:41','2025-08-07 18:13:41'),(51,'2N73','2025-06-27',2.10,'2025-08-07 18:13:41','2025-08-07 18:13:41'),(52,'2N73','2025-06-28',2.63,'2025-08-07 18:13:41','2025-08-07 18:13:41'),(53,'2N73','2025-06-29',-1.70,'2025-08-07 18:13:41','2025-08-07 18:13:41'),(54,'2N73','2025-06-30',1.11,'2025-08-07 18:13:41','2025-08-07 18:13:41'),(55,'2N73','2025-07-01',3.24,'2025-08-07 18:13:41','2025-08-07 18:13:41'),(56,'2N73','2025-07-02',0.05,'2025-08-07 18:13:41','2025-08-07 18:13:41'),(57,'2N73','2025-07-03',-0.80,'2025-08-07 18:13:41','2025-08-07 18:13:41'),(58,'2N73','2025-07-04',-1.05,'2025-08-07 18:13:41','2025-08-07 18:13:41'),(59,'2N73','2025-07-05',0.97,'2025-08-07 18:13:41','2025-08-07 18:13:41'),(60,'2N73','2025-07-06',2.22,'2025-08-07 18:13:41','2025-08-07 18:13:41'),(61,'2N73','2025-07-07',3.95,'2025-08-07 18:13:41','2025-08-07 18:13:41'),(62,'2N73','2025-07-08',1.35,'2025-08-07 18:13:41','2025-08-07 18:13:41'),(63,'2N73','2025-07-09',0.76,'2025-08-07 18:13:41','2025-08-07 18:13:41'),(64,'2N73','2025-07-10',-2.24,'2025-08-07 18:13:41','2025-08-07 18:13:41'),(65,'2N73','2025-07-11',2.31,'2025-08-07 18:13:41','2025-08-07 18:13:41'),(66,'2N73','2025-07-12',1.87,'2025-08-07 18:13:41','2025-08-07 18:13:41'),(67,'2N73','2025-07-13',0.93,'2025-08-07 18:13:41','2025-08-07 18:13:41'),(68,'2N73','2025-07-14',2.92,'2025-08-07 18:13:41','2025-08-07 18:13:41'),(69,'2N73','2025-07-15',3.76,'2025-08-07 18:13:41','2025-08-07 18:13:41'),(70,'2N73','2025-07-16',-2.11,'2025-08-07 18:13:41','2025-08-07 18:13:41'),(71,'2N73','2025-07-17',0.96,'2025-08-07 18:13:41','2025-08-07 18:13:41'),(72,'2N73','2025-07-18',-0.78,'2025-08-07 18:13:41','2025-08-07 18:13:41'),(73,'2N73','2025-07-19',2.94,'2025-08-07 18:13:41','2025-08-07 18:13:41'),(74,'2N73','2025-07-20',-2.44,'2025-08-07 18:13:41','2025-08-07 18:13:41'),(75,'2N73','2025-07-21',3.75,'2025-08-07 18:13:41','2025-08-07 18:13:41'),(76,'2N73','2025-07-22',1.54,'2025-08-07 18:13:41','2025-08-07 18:13:41'),(77,'2N73','2025-07-23',1.71,'2025-08-07 18:13:41','2025-08-07 18:13:41'),(78,'2N73','2025-07-24',1.97,'2025-08-07 18:13:41','2025-08-07 18:13:41'),(79,'2N73','2025-07-25',0.24,'2025-08-07 18:13:41','2025-08-07 18:13:41'),(80,'2N73','2025-07-26',2.28,'2025-08-07 18:13:41','2025-08-07 18:13:41'),(81,'2N73','2025-07-27',1.29,'2025-08-07 18:13:41','2025-08-07 18:13:41'),(82,'2N73','2025-07-28',-1.23,'2025-08-07 18:13:41','2025-08-07 18:13:41'),(83,'2N73','2025-07-29',1.43,'2025-08-07 18:13:41','2025-08-07 18:13:41'),(84,'2N73','2025-07-30',1.18,'2025-08-07 18:13:41','2025-08-07 18:13:41'),(85,'2N73','2025-07-31',-0.58,'2025-08-07 18:13:41','2025-08-07 18:13:41'),(86,'2N73','2025-08-01',-1.90,'2025-08-07 18:13:41','2025-08-07 18:13:41'),(87,'2N73','2025-08-02',0.48,'2025-08-07 18:13:41','2025-08-07 18:13:41'),(88,'2N73','2025-08-03',-2.45,'2025-08-07 18:13:41','2025-08-07 18:13:41'),(89,'2N73','2025-08-04',3.48,'2025-08-07 18:13:41','2025-08-07 18:13:41'),(90,'2N73','2025-08-05',1.65,'2025-08-07 18:13:41','2025-08-07 18:13:41'),(91,'2H62','2025-05-08',3.87,'2025-08-07 18:13:41','2025-08-07 18:13:41'),(92,'2H62','2025-05-09',-1.62,'2025-08-07 18:13:41','2025-08-07 18:13:41'),(93,'2H62','2025-05-10',1.79,'2025-08-07 18:13:41','2025-08-07 18:13:41'),(94,'2H62','2025-05-11',-0.68,'2025-08-07 18:13:41','2025-08-07 18:13:41'),(95,'2H62','2025-05-12',-1.65,'2025-08-07 18:13:41','2025-08-07 18:13:41'),(96,'2H62','2025-05-13',0.33,'2025-08-07 18:13:41','2025-08-07 18:13:41'),(97,'2H62','2025-05-14',-2.22,'2025-08-07 18:13:41','2025-08-07 18:13:41'),(98,'2H62','2025-05-15',3.75,'2025-08-07 18:13:41','2025-08-07 18:13:41'),(99,'2H62','2025-05-16',0.00,'2025-08-07 18:13:41','2025-08-07 18:13:41'),(100,'2H62','2025-05-17',0.95,'2025-08-07 18:13:41','2025-08-07 18:13:41'),(101,'2H62','2025-05-18',-0.50,'2025-08-07 18:13:41','2025-08-07 18:13:41'),(102,'2H62','2025-05-19',1.75,'2025-08-07 18:13:41','2025-08-07 18:13:41'),(103,'2H62','2025-05-20',-0.11,'2025-08-07 18:13:41','2025-08-07 18:13:41'),(104,'2H62','2025-05-21',-2.10,'2025-08-07 18:13:41','2025-08-07 18:13:41'),(105,'2H62','2025-05-22',-0.61,'2025-08-07 18:13:41','2025-08-07 18:13:41'),(106,'2H62','2025-05-23',2.02,'2025-08-07 18:13:41','2025-08-07 18:13:41'),(107,'2H62','2025-05-24',0.04,'2025-08-07 18:13:41','2025-08-07 18:13:41'),(108,'2H62','2025-05-25',-1.49,'2025-08-07 18:13:41','2025-08-07 18:13:41'),(109,'2H62','2025-05-26',3.23,'2025-08-07 18:13:41','2025-08-07 18:13:41'),(110,'2H62','2025-05-27',0.17,'2025-08-07 18:13:41','2025-08-07 18:13:41'),(111,'2H62','2025-05-28',1.58,'2025-08-07 18:13:41','2025-08-07 18:13:41'),(112,'2H62','2025-05-29',3.17,'2025-08-07 18:13:41','2025-08-07 18:13:41'),(113,'2H62','2025-05-30',-1.17,'2025-08-07 18:13:41','2025-08-07 18:13:41'),(114,'2H62','2025-05-31',-2.24,'2025-08-07 18:13:41','2025-08-07 18:13:41'),(115,'2H62','2025-06-01',1.84,'2025-08-07 18:13:41','2025-08-07 18:13:41'),(116,'2H62','2025-06-02',-1.39,'2025-08-07 18:13:41','2025-08-07 18:13:41'),(117,'2H62','2025-06-03',0.93,'2025-08-07 18:13:41','2025-08-07 18:13:41'),(118,'2H62','2025-06-04',3.75,'2025-08-07 18:13:41','2025-08-07 18:13:41'),(119,'2H62','2025-06-05',2.56,'2025-08-07 18:13:41','2025-08-07 18:13:41'),(120,'2H62','2025-06-06',-1.70,'2025-08-07 18:13:41','2025-08-07 18:13:41'),(121,'2H62','2025-06-07',-2.43,'2025-08-07 18:13:41','2025-08-07 18:13:41'),(122,'2H62','2025-06-08',1.18,'2025-08-07 18:13:41','2025-08-07 18:13:41'),(123,'2H62','2025-06-09',1.52,'2025-08-07 18:13:41','2025-08-07 18:13:41'),(124,'2H62','2025-06-10',3.59,'2025-08-07 18:13:41','2025-08-07 18:13:41'),(125,'2H62','2025-06-11',-1.85,'2025-08-07 18:13:41','2025-08-07 18:13:41'),(126,'2H62','2025-06-12',1.62,'2025-08-07 18:13:41','2025-08-07 18:13:41'),(127,'2H62','2025-06-13',0.72,'2025-08-07 18:13:41','2025-08-07 18:13:41'),(128,'2H62','2025-06-14',3.22,'2025-08-07 18:13:41','2025-08-07 18:13:41'),(129,'2H62','2025-06-15',-2.18,'2025-08-07 18:13:41','2025-08-07 18:13:41'),(130,'2H62','2025-06-16',-1.48,'2025-08-07 18:13:41','2025-08-07 18:13:41'),(131,'2H62','2025-06-17',-0.28,'2025-08-07 18:13:41','2025-08-07 18:13:41'),(132,'2H62','2025-06-18',-0.38,'2025-08-07 18:13:41','2025-08-07 18:13:41'),(133,'2H62','2025-06-19',2.63,'2025-08-07 18:13:41','2025-08-07 18:13:41'),(134,'2H62','2025-06-20',0.25,'2025-08-07 18:13:41','2025-08-07 18:13:41'),(135,'2H62','2025-06-21',-2.32,'2025-08-07 18:13:41','2025-08-07 18:13:41'),(136,'2H62','2025-06-22',2.20,'2025-08-07 18:13:41','2025-08-07 18:13:41'),(137,'2H62','2025-06-23',1.86,'2025-08-07 18:13:41','2025-08-07 18:13:41'),(138,'2H62','2025-06-24',0.60,'2025-08-07 18:13:41','2025-08-07 18:13:41'),(139,'2H62','2025-06-25',-1.68,'2025-08-07 18:13:41','2025-08-07 18:13:41'),(140,'2H62','2025-06-26',0.57,'2025-08-07 18:13:41','2025-08-07 18:13:41'),(141,'2H62','2025-06-27',0.72,'2025-08-07 18:13:41','2025-08-07 18:13:41'),(142,'2H62','2025-06-28',-1.49,'2025-08-07 18:13:41','2025-08-07 18:13:41'),(143,'2H62','2025-06-29',3.58,'2025-08-07 18:13:41','2025-08-07 18:13:41'),(144,'2H62','2025-06-30',3.67,'2025-08-07 18:13:41','2025-08-07 18:13:41'),(145,'2H62','2025-07-01',3.59,'2025-08-07 18:13:41','2025-08-07 18:13:41'),(146,'2H62','2025-07-02',-1.09,'2025-08-07 18:13:41','2025-08-07 18:13:41'),(147,'2H62','2025-07-03',0.34,'2025-08-07 18:13:41','2025-08-07 18:13:41'),(148,'2H62','2025-07-04',0.47,'2025-08-07 18:13:41','2025-08-07 18:13:41'),(149,'2H62','2025-07-05',-2.02,'2025-08-07 18:13:41','2025-08-07 18:13:41'),(150,'2H62','2025-07-06',-1.05,'2025-08-07 18:13:41','2025-08-07 18:13:41'),(151,'2H62','2025-07-07',2.33,'2025-08-07 18:13:41','2025-08-07 18:13:41'),(152,'2H62','2025-07-08',0.12,'2025-08-07 18:13:41','2025-08-07 18:13:41'),(153,'2H62','2025-07-09',-0.65,'2025-08-07 18:13:41','2025-08-07 18:13:41'),(154,'2H62','2025-07-10',1.63,'2025-08-07 18:13:41','2025-08-07 18:13:41'),(155,'2H62','2025-07-11',-1.64,'2025-08-07 18:13:41','2025-08-07 18:13:41'),(156,'2H62','2025-07-12',-0.55,'2025-08-07 18:13:41','2025-08-07 18:13:41'),(157,'2H62','2025-07-13',-0.16,'2025-08-07 18:13:41','2025-08-07 18:13:41'),(158,'2H62','2025-07-14',3.00,'2025-08-07 18:13:41','2025-08-07 18:13:41'),(159,'2H62','2025-07-15',-1.34,'2025-08-07 18:13:41','2025-08-07 18:13:41'),(160,'2H62','2025-07-16',-1.44,'2025-08-07 18:13:41','2025-08-07 18:13:41'),(161,'2H62','2025-07-17',-2.71,'2025-08-07 18:13:41','2025-08-07 18:13:41'),(162,'2H62','2025-07-18',-1.85,'2025-08-07 18:13:41','2025-08-07 18:13:41'),(163,'2H62','2025-07-19',3.83,'2025-08-07 18:13:41','2025-08-07 18:13:41'),(164,'2H62','2025-07-20',3.05,'2025-08-07 18:13:41','2025-08-07 18:13:41'),(165,'2H62','2025-07-21',-2.96,'2025-08-07 18:13:41','2025-08-07 18:13:41'),(166,'2H62','2025-07-22',2.31,'2025-08-07 18:13:41','2025-08-07 18:13:41'),(167,'2H62','2025-07-23',3.31,'2025-08-07 18:13:41','2025-08-07 18:13:41'),(168,'2H62','2025-07-24',-0.45,'2025-08-07 18:13:41','2025-08-07 18:13:41'),(169,'2H62','2025-07-25',2.93,'2025-08-07 18:13:41','2025-08-07 18:13:41'),(170,'2H62','2025-07-26',3.76,'2025-08-07 18:13:41','2025-08-07 18:13:41'),(171,'2H62','2025-07-27',3.24,'2025-08-07 18:13:41','2025-08-07 18:13:41'),(172,'2H62','2025-07-28',-0.66,'2025-08-07 18:13:41','2025-08-07 18:13:41'),(173,'2H62','2025-07-29',2.31,'2025-08-07 18:13:41','2025-08-07 18:13:41'),(174,'2H62','2025-07-30',1.36,'2025-08-07 18:13:41','2025-08-07 18:13:41'),(175,'2H62','2025-07-31',2.02,'2025-08-07 18:13:41','2025-08-07 18:13:41'),(176,'2H62','2025-08-01',-0.01,'2025-08-07 18:13:41','2025-08-07 18:13:41'),(177,'2H62','2025-08-02',-0.35,'2025-08-07 18:13:41','2025-08-07 18:13:41'),(178,'2H62','2025-08-03',3.94,'2025-08-07 18:13:41','2025-08-07 18:13:41'),(179,'2H62','2025-08-04',3.42,'2025-08-07 18:13:41','2025-08-07 18:13:41'),(180,'2H62','2025-08-05',-2.80,'2025-08-07 18:13:41','2025-08-07 18:13:41'),(181,'1A81','2025-05-08',3.08,'2025-08-07 18:13:41','2025-08-07 18:13:41'),(182,'1A81','2025-05-09',-2.74,'2025-08-07 18:13:41','2025-08-07 18:13:41'),(183,'1A81','2025-05-10',-1.69,'2025-08-07 18:13:41','2025-08-07 18:13:41'),(184,'1A81','2025-05-11',-1.05,'2025-08-07 18:13:41','2025-08-07 18:13:41'),(185,'1A81','2025-05-12',2.39,'2025-08-07 18:13:41','2025-08-07 18:13:41'),(186,'1A81','2025-05-13',-1.10,'2025-08-07 18:13:41','2025-08-07 18:13:41'),(187,'1A81','2025-05-14',3.63,'2025-08-07 18:13:41','2025-08-07 18:13:41'),(188,'1A81','2025-05-15',2.62,'2025-08-07 18:13:41','2025-08-07 18:13:41'),(189,'1A81','2025-05-16',-2.07,'2025-08-07 18:13:41','2025-08-07 18:13:41'),(190,'1A81','2025-05-17',2.84,'2025-08-07 18:13:41','2025-08-07 18:13:41'),(191,'1A81','2025-05-18',3.83,'2025-08-07 18:13:41','2025-08-07 18:13:41'),(192,'1A81','2025-05-19',2.14,'2025-08-07 18:13:41','2025-08-07 18:13:41'),(193,'1A81','2025-05-20',-2.13,'2025-08-07 18:13:41','2025-08-07 18:13:41'),(194,'1A81','2025-05-21',-0.61,'2025-08-07 18:13:41','2025-08-07 18:13:41'),(195,'1A81','2025-05-22',-0.19,'2025-08-07 18:13:41','2025-08-07 18:13:41'),(196,'1A81','2025-05-23',-2.51,'2025-08-07 18:13:41','2025-08-07 18:13:41'),(197,'1A81','2025-05-24',-0.64,'2025-08-07 18:13:41','2025-08-07 18:13:41'),(198,'1A81','2025-05-25',-0.18,'2025-08-07 18:13:41','2025-08-07 18:13:41'),(199,'1A81','2025-05-26',-0.29,'2025-08-07 18:13:41','2025-08-07 18:13:41'),(200,'1A81','2025-05-27',-0.48,'2025-08-07 18:13:41','2025-08-07 18:13:41'),(201,'1A81','2025-05-28',-1.76,'2025-08-07 18:13:41','2025-08-07 18:13:41'),(202,'1A81','2025-05-29',-0.27,'2025-08-07 18:13:41','2025-08-07 18:13:41'),(203,'1A81','2025-05-30',-2.02,'2025-08-07 18:13:41','2025-08-07 18:13:41'),(204,'1A81','2025-05-31',0.80,'2025-08-07 18:13:41','2025-08-07 18:13:41'),(205,'1A81','2025-06-01',2.96,'2025-08-07 18:13:41','2025-08-07 18:13:41'),(206,'1A81','2025-06-02',2.47,'2025-08-07 18:13:41','2025-08-07 18:13:41'),(207,'1A81','2025-06-03',-1.65,'2025-08-07 18:13:41','2025-08-07 18:13:41'),(208,'1A81','2025-06-04',1.73,'2025-08-07 18:13:41','2025-08-07 18:13:41'),(209,'1A81','2025-06-05',3.04,'2025-08-07 18:13:41','2025-08-07 18:13:41'),(210,'1A81','2025-06-06',3.50,'2025-08-07 18:13:41','2025-08-07 18:13:41'),(211,'1A81','2025-06-07',-1.13,'2025-08-07 18:13:41','2025-08-07 18:13:41'),(212,'1A81','2025-06-08',3.38,'2025-08-07 18:13:41','2025-08-07 18:13:41'),(213,'1A81','2025-06-09',2.77,'2025-08-07 18:13:41','2025-08-07 18:13:41'),(214,'1A81','2025-06-10',-2.92,'2025-08-07 18:13:41','2025-08-07 18:13:41'),(215,'1A81','2025-06-11',2.25,'2025-08-07 18:13:41','2025-08-07 18:13:41'),(216,'1A81','2025-06-12',0.93,'2025-08-07 18:13:41','2025-08-07 18:13:41'),(217,'1A81','2025-06-13',1.60,'2025-08-07 18:13:41','2025-08-07 18:13:41'),(218,'1A81','2025-06-14',1.31,'2025-08-07 18:13:41','2025-08-07 18:13:41'),(219,'1A81','2025-06-15',1.77,'2025-08-07 18:13:41','2025-08-07 18:13:41'),(220,'1A81','2025-06-16',2.70,'2025-08-07 18:13:41','2025-08-07 18:13:41'),(221,'1A81','2025-06-17',-1.40,'2025-08-07 18:13:41','2025-08-07 18:13:41'),(222,'1A81','2025-06-18',2.76,'2025-08-07 18:13:41','2025-08-07 18:13:41'),(223,'1A81','2025-06-19',3.90,'2025-08-07 18:13:41','2025-08-07 18:13:41'),(224,'1A81','2025-06-20',-1.58,'2025-08-07 18:13:41','2025-08-07 18:13:41'),(225,'1A81','2025-06-21',-1.15,'2025-08-07 18:13:41','2025-08-07 18:13:41'),(226,'1A81','2025-06-22',-1.09,'2025-08-07 18:13:41','2025-08-07 18:13:41'),(227,'1A81','2025-06-23',2.97,'2025-08-07 18:13:41','2025-08-07 18:13:41'),(228,'1A81','2025-06-24',-0.57,'2025-08-07 18:13:41','2025-08-07 18:13:41'),(229,'1A81','2025-06-25',-2.17,'2025-08-07 18:13:41','2025-08-07 18:13:41'),(230,'1A81','2025-06-26',1.49,'2025-08-07 18:13:41','2025-08-07 18:13:41'),(231,'1A81','2025-06-27',-2.62,'2025-08-07 18:13:41','2025-08-07 18:13:41'),(232,'1A81','2025-06-28',2.57,'2025-08-07 18:13:41','2025-08-07 18:13:41'),(233,'1A81','2025-06-29',3.22,'2025-08-07 18:13:41','2025-08-07 18:13:41'),(234,'1A81','2025-06-30',2.69,'2025-08-07 18:13:41','2025-08-07 18:13:41'),(235,'1A81','2025-07-01',0.85,'2025-08-07 18:13:41','2025-08-07 18:13:41'),(236,'1A81','2025-07-02',0.26,'2025-08-07 18:13:41','2025-08-07 18:13:41'),(237,'1A81','2025-07-03',3.46,'2025-08-07 18:13:41','2025-08-07 18:13:41'),(238,'1A81','2025-07-04',-0.34,'2025-08-07 18:13:41','2025-08-07 18:13:41'),(239,'1A81','2025-07-05',-1.60,'2025-08-07 18:13:41','2025-08-07 18:13:41'),(240,'1A81','2025-07-06',-1.26,'2025-08-07 18:13:41','2025-08-07 18:13:41'),(241,'1A81','2025-07-07',1.71,'2025-08-07 18:13:41','2025-08-07 18:13:41'),(242,'1A81','2025-07-08',1.28,'2025-08-07 18:13:41','2025-08-07 18:13:41'),(243,'1A81','2025-07-09',1.00,'2025-08-07 18:13:41','2025-08-07 18:13:41'),(244,'1A81','2025-07-10',1.96,'2025-08-07 18:13:41','2025-08-07 18:13:41'),(245,'1A81','2025-07-11',2.96,'2025-08-07 18:13:41','2025-08-07 18:13:41'),(246,'1A81','2025-07-12',-2.62,'2025-08-07 18:13:41','2025-08-07 18:13:41'),(247,'1A81','2025-07-13',-1.19,'2025-08-07 18:13:41','2025-08-07 18:13:41'),(248,'1A81','2025-07-14',3.63,'2025-08-07 18:13:41','2025-08-07 18:13:41'),(249,'1A81','2025-07-15',-2.03,'2025-08-07 18:13:41','2025-08-07 18:13:41'),(250,'1A81','2025-07-16',2.42,'2025-08-07 18:13:41','2025-08-07 18:13:41'),(251,'1A81','2025-07-17',3.33,'2025-08-07 18:13:41','2025-08-07 18:13:41'),(252,'1A81','2025-07-18',-1.28,'2025-08-07 18:13:41','2025-08-07 18:13:41'),(253,'1A81','2025-07-19',2.41,'2025-08-07 18:13:41','2025-08-07 18:13:41'),(254,'1A81','2025-07-20',-0.34,'2025-08-07 18:13:41','2025-08-07 18:13:41'),(255,'1A81','2025-07-21',-1.70,'2025-08-07 18:13:41','2025-08-07 18:13:41'),(256,'1A81','2025-07-22',1.27,'2025-08-07 18:13:41','2025-08-07 18:13:41'),(257,'1A81','2025-07-23',-0.30,'2025-08-07 18:13:41','2025-08-07 18:13:41'),(258,'1A81','2025-07-24',-0.78,'2025-08-07 18:13:41','2025-08-07 18:13:41'),(259,'1A81','2025-07-25',3.25,'2025-08-07 18:13:41','2025-08-07 18:13:41'),(260,'1A81','2025-07-26',3.15,'2025-08-07 18:13:41','2025-08-07 18:13:41'),(261,'1A81','2025-07-27',0.78,'2025-08-07 18:13:41','2025-08-07 18:13:41'),(262,'1A81','2025-07-28',0.49,'2025-08-07 18:13:41','2025-08-07 18:13:41'),(263,'1A81','2025-07-29',0.26,'2025-08-07 18:13:41','2025-08-07 18:13:41'),(264,'1A81','2025-07-30',0.67,'2025-08-07 18:13:41','2025-08-07 18:13:41'),(265,'1A81','2025-07-31',1.23,'2025-08-07 18:13:41','2025-08-07 18:13:41'),(266,'1A81','2025-08-01',-0.62,'2025-08-07 18:13:41','2025-08-07 18:13:41'),(267,'1A81','2025-08-02',1.32,'2025-08-07 18:13:41','2025-08-07 18:13:41'),(268,'1A81','2025-08-03',-2.56,'2025-08-07 18:13:41','2025-08-07 18:13:41'),(269,'1A81','2025-08-04',0.10,'2025-08-07 18:13:41','2025-08-07 18:13:41'),(270,'1A81','2025-08-05',0.72,'2025-08-07 18:13:41','2025-08-07 18:13:41'),(271,'2A43','2025-05-08',0.22,'2025-08-07 18:13:41','2025-08-07 18:13:41'),(272,'2A43','2025-05-09',-2.91,'2025-08-07 18:13:41','2025-08-07 18:13:41'),(273,'2A43','2025-05-10',-2.68,'2025-08-07 18:13:41','2025-08-07 18:13:41'),(274,'2A43','2025-05-11',1.16,'2025-08-07 18:13:41','2025-08-07 18:13:41'),(275,'2A43','2025-05-12',-0.81,'2025-08-07 18:13:41','2025-08-07 18:13:41'),(276,'2A43','2025-05-13',-0.03,'2025-08-07 18:13:41','2025-08-07 18:13:41'),(277,'2A43','2025-05-14',-0.51,'2025-08-07 18:13:41','2025-08-07 18:13:41'),(278,'2A43','2025-05-15',2.62,'2025-08-07 18:13:41','2025-08-07 18:13:41'),(279,'2A43','2025-05-16',-1.81,'2025-08-07 18:13:41','2025-08-07 18:13:41'),(280,'2A43','2025-05-17',2.12,'2025-08-07 18:13:41','2025-08-07 18:13:41'),(281,'2A43','2025-05-18',1.43,'2025-08-07 18:13:41','2025-08-07 18:13:41'),(282,'2A43','2025-05-19',-1.40,'2025-08-07 18:13:41','2025-08-07 18:13:41'),(283,'2A43','2025-05-20',-1.92,'2025-08-07 18:13:41','2025-08-07 18:13:41'),(284,'2A43','2025-05-21',0.23,'2025-08-07 18:13:41','2025-08-07 18:13:41'),(285,'2A43','2025-05-22',0.99,'2025-08-07 18:13:41','2025-08-07 18:13:41'),(286,'2A43','2025-05-23',0.35,'2025-08-07 18:13:41','2025-08-07 18:13:41'),(287,'2A43','2025-05-24',-0.78,'2025-08-07 18:13:41','2025-08-07 18:13:41'),(288,'2A43','2025-05-25',-1.22,'2025-08-07 18:13:41','2025-08-07 18:13:41'),(289,'2A43','2025-05-26',-1.49,'2025-08-07 18:13:41','2025-08-07 18:13:41'),(290,'2A43','2025-05-27',2.49,'2025-08-07 18:13:41','2025-08-07 18:13:41'),(291,'2A43','2025-05-28',0.88,'2025-08-07 18:13:41','2025-08-07 18:13:41'),(292,'2A43','2025-05-29',2.86,'2025-08-07 18:13:41','2025-08-07 18:13:41'),(293,'2A43','2025-05-30',0.00,'2025-08-07 18:13:41','2025-08-07 18:13:41'),(294,'2A43','2025-05-31',-2.53,'2025-08-07 18:13:41','2025-08-07 18:13:41'),(295,'2A43','2025-06-01',-1.70,'2025-08-07 18:13:41','2025-08-07 18:13:41'),(296,'2A43','2025-06-02',-1.48,'2025-08-07 18:13:41','2025-08-07 18:13:41'),(297,'2A43','2025-06-03',2.79,'2025-08-07 18:13:41','2025-08-07 18:13:41'),(298,'2A43','2025-06-04',-0.06,'2025-08-07 18:13:41','2025-08-07 18:13:41'),(299,'2A43','2025-06-05',-0.10,'2025-08-07 18:13:41','2025-08-07 18:13:41'),(300,'2A43','2025-06-06',2.30,'2025-08-07 18:13:41','2025-08-07 18:13:41'),(301,'2A43','2025-06-07',-0.19,'2025-08-07 18:13:41','2025-08-07 18:13:41'),(302,'2A43','2025-06-08',0.94,'2025-08-07 18:13:41','2025-08-07 18:13:41'),(303,'2A43','2025-06-09',0.18,'2025-08-07 18:13:41','2025-08-07 18:13:41'),(304,'2A43','2025-06-10',0.75,'2025-08-07 18:13:41','2025-08-07 18:13:41'),(305,'2A43','2025-06-11',3.55,'2025-08-07 18:13:41','2025-08-07 18:13:41'),(306,'2A43','2025-06-12',-1.26,'2025-08-07 18:13:41','2025-08-07 18:13:41'),(307,'2A43','2025-06-13',0.24,'2025-08-07 18:13:41','2025-08-07 18:13:41'),(308,'2A43','2025-06-14',-0.75,'2025-08-07 18:13:41','2025-08-07 18:13:41'),(309,'2A43','2025-06-15',-0.55,'2025-08-07 18:13:41','2025-08-07 18:13:41'),(310,'2A43','2025-06-16',-2.47,'2025-08-07 18:13:41','2025-08-07 18:13:41'),(311,'2A43','2025-06-17',2.31,'2025-08-07 18:13:41','2025-08-07 18:13:41'),(312,'2A43','2025-06-18',3.35,'2025-08-07 18:13:41','2025-08-07 18:13:41'),(313,'2A43','2025-06-19',1.43,'2025-08-07 18:13:41','2025-08-07 18:13:41'),(314,'2A43','2025-06-20',2.66,'2025-08-07 18:13:41','2025-08-07 18:13:41'),(315,'2A43','2025-06-21',-1.84,'2025-08-07 18:13:41','2025-08-07 18:13:41'),(316,'2A43','2025-06-22',3.44,'2025-08-07 18:13:41','2025-08-07 18:13:41'),(317,'2A43','2025-06-23',3.96,'2025-08-07 18:13:41','2025-08-07 18:13:41'),(318,'2A43','2025-06-24',-1.71,'2025-08-07 18:13:41','2025-08-07 18:13:41'),(319,'2A43','2025-06-25',0.26,'2025-08-07 18:13:41','2025-08-07 18:13:41'),(320,'2A43','2025-06-26',-0.31,'2025-08-07 18:13:41','2025-08-07 18:13:41'),(321,'2A43','2025-06-27',0.91,'2025-08-07 18:13:41','2025-08-07 18:13:41'),(322,'2A43','2025-06-28',0.66,'2025-08-07 18:13:41','2025-08-07 18:13:41'),(323,'2A43','2025-06-29',1.69,'2025-08-07 18:13:41','2025-08-07 18:13:41'),(324,'2A43','2025-06-30',2.25,'2025-08-07 18:13:41','2025-08-07 18:13:41'),(325,'2A43','2025-07-01',2.11,'2025-08-07 18:13:41','2025-08-07 18:13:41'),(326,'2A43','2025-07-02',-0.75,'2025-08-07 18:13:41','2025-08-07 18:13:41'),(327,'2A43','2025-07-03',-1.76,'2025-08-07 18:13:41','2025-08-07 18:13:41'),(328,'2A43','2025-07-04',0.12,'2025-08-07 18:13:41','2025-08-07 18:13:41'),(329,'2A43','2025-07-05',-1.94,'2025-08-07 18:13:41','2025-08-07 18:13:41'),(330,'2A43','2025-07-06',3.10,'2025-08-07 18:13:41','2025-08-07 18:13:41'),(331,'2A43','2025-07-07',-2.57,'2025-08-07 18:13:41','2025-08-07 18:13:41'),(332,'2A43','2025-07-08',1.27,'2025-08-07 18:13:41','2025-08-07 18:13:41'),(333,'2A43','2025-07-09',2.37,'2025-08-07 18:13:41','2025-08-07 18:13:41'),(334,'2A43','2025-07-10',2.92,'2025-08-07 18:13:41','2025-08-07 18:13:41'),(335,'2A43','2025-07-11',1.87,'2025-08-07 18:13:41','2025-08-07 18:13:41'),(336,'2A43','2025-07-12',1.41,'2025-08-07 18:13:41','2025-08-07 18:13:41'),(337,'2A43','2025-07-13',-1.10,'2025-08-07 18:13:41','2025-08-07 18:13:41'),(338,'2A43','2025-07-14',-0.21,'2025-08-07 18:13:41','2025-08-07 18:13:41'),(339,'2A43','2025-07-15',2.65,'2025-08-07 18:13:41','2025-08-07 18:13:41'),(340,'2A43','2025-07-16',1.55,'2025-08-07 18:13:41','2025-08-07 18:13:41'),(341,'2A43','2025-07-17',3.59,'2025-08-07 18:13:41','2025-08-07 18:13:41'),(342,'2A43','2025-07-18',-1.30,'2025-08-07 18:13:41','2025-08-07 18:13:41'),(343,'2A43','2025-07-19',1.15,'2025-08-07 18:13:41','2025-08-07 18:13:41'),(344,'2A43','2025-07-20',-2.16,'2025-08-07 18:13:41','2025-08-07 18:13:41'),(345,'2A43','2025-07-21',2.39,'2025-08-07 18:13:41','2025-08-07 18:13:41'),(346,'2A43','2025-07-22',4.00,'2025-08-07 18:13:41','2025-08-07 18:13:41'),(347,'2A43','2025-07-23',-1.48,'2025-08-07 18:13:41','2025-08-07 18:13:41'),(348,'2A43','2025-07-24',1.56,'2025-08-07 18:13:41','2025-08-07 18:13:41'),(349,'2A43','2025-07-25',3.98,'2025-08-07 18:13:41','2025-08-07 18:13:41'),(350,'2A43','2025-07-26',-2.47,'2025-08-07 18:13:41','2025-08-07 18:13:41'),(351,'2A43','2025-07-27',0.66,'2025-08-07 18:13:41','2025-08-07 18:13:41'),(352,'2A43','2025-07-28',-2.07,'2025-08-07 18:13:41','2025-08-07 18:13:41'),(353,'2A43','2025-07-29',2.48,'2025-08-07 18:13:41','2025-08-07 18:13:41'),(354,'2A43','2025-07-30',0.13,'2025-08-07 18:13:41','2025-08-07 18:13:41'),(355,'2A43','2025-07-31',1.98,'2025-08-07 18:13:41','2025-08-07 18:13:41'),(356,'2A43','2025-08-01',-0.32,'2025-08-07 18:13:41','2025-08-07 18:13:41'),(357,'2A43','2025-08-02',0.27,'2025-08-07 18:13:41','2025-08-07 18:13:41'),(358,'2A43','2025-08-03',-0.74,'2025-08-07 18:13:41','2025-08-07 18:13:41'),(359,'2A43','2025-08-04',-0.86,'2025-08-07 18:13:41','2025-08-07 18:13:41'),(360,'2A43','2025-08-05',-0.03,'2025-08-07 18:13:41','2025-08-07 18:13:41'),(361,'2F33','2025-05-08',0.50,'2025-08-07 18:13:41','2025-08-07 18:13:41'),(362,'2F33','2025-05-09',-0.98,'2025-08-07 18:13:41','2025-08-07 18:13:41'),(363,'2F33','2025-05-10',1.62,'2025-08-07 18:13:41','2025-08-07 18:13:41'),(364,'2F33','2025-05-11',0.46,'2025-08-07 18:13:41','2025-08-07 18:13:41'),(365,'2F33','2025-05-12',1.14,'2025-08-07 18:13:41','2025-08-07 18:13:41'),(366,'2F33','2025-05-13',0.12,'2025-08-07 18:13:41','2025-08-07 18:13:41'),(367,'2F33','2025-05-14',2.51,'2025-08-07 18:13:41','2025-08-07 18:13:41'),(368,'2F33','2025-05-15',0.44,'2025-08-07 18:13:41','2025-08-07 18:13:41'),(369,'2F33','2025-05-16',1.98,'2025-08-07 18:13:41','2025-08-07 18:13:41'),(370,'2F33','2025-05-17',1.15,'2025-08-07 18:13:41','2025-08-07 18:13:41'),(371,'2F33','2025-05-18',2.89,'2025-08-07 18:13:41','2025-08-07 18:13:41'),(372,'2F33','2025-05-19',0.08,'2025-08-07 18:13:41','2025-08-07 18:13:41'),(373,'2F33','2025-05-20',-1.93,'2025-08-07 18:13:41','2025-08-07 18:13:41'),(374,'2F33','2025-05-21',-2.11,'2025-08-07 18:13:41','2025-08-07 18:13:41'),(375,'2F33','2025-05-22',3.18,'2025-08-07 18:13:41','2025-08-07 18:13:41'),(376,'2F33','2025-05-23',1.47,'2025-08-07 18:13:41','2025-08-07 18:13:41'),(377,'2F33','2025-05-24',-0.58,'2025-08-07 18:13:41','2025-08-07 18:13:41'),(378,'2F33','2025-05-25',-2.38,'2025-08-07 18:13:41','2025-08-07 18:13:41'),(379,'2F33','2025-05-26',-2.79,'2025-08-07 18:13:41','2025-08-07 18:13:41'),(380,'2F33','2025-05-27',-0.47,'2025-08-07 18:13:41','2025-08-07 18:13:41'),(381,'2F33','2025-05-28',2.03,'2025-08-07 18:13:41','2025-08-07 18:13:41'),(382,'2F33','2025-05-29',-2.23,'2025-08-07 18:13:41','2025-08-07 18:13:41'),(383,'2F33','2025-05-30',-0.91,'2025-08-07 18:13:41','2025-08-07 18:13:41'),(384,'2F33','2025-05-31',1.77,'2025-08-07 18:13:41','2025-08-07 18:13:41'),(385,'2F33','2025-06-01',-2.59,'2025-08-07 18:13:41','2025-08-07 18:13:41'),(386,'2F33','2025-06-02',-0.50,'2025-08-07 18:13:41','2025-08-07 18:13:41'),(387,'2F33','2025-06-03',-0.13,'2025-08-07 18:13:41','2025-08-07 18:13:41'),(388,'2F33','2025-06-04',3.74,'2025-08-07 18:13:41','2025-08-07 18:13:41'),(389,'2F33','2025-06-05',3.80,'2025-08-07 18:13:41','2025-08-07 18:13:41'),(390,'2F33','2025-06-06',-2.02,'2025-08-07 18:13:41','2025-08-07 18:13:41'),(391,'2F33','2025-06-07',-1.60,'2025-08-07 18:13:41','2025-08-07 18:13:41'),(392,'2F33','2025-06-08',-0.75,'2025-08-07 18:13:41','2025-08-07 18:13:41'),(393,'2F33','2025-06-09',-0.79,'2025-08-07 18:13:41','2025-08-07 18:13:41'),(394,'2F33','2025-06-10',0.00,'2025-08-07 18:13:41','2025-08-07 18:13:41'),(395,'2F33','2025-06-11',1.48,'2025-08-07 18:13:41','2025-08-07 18:13:41'),(396,'2F33','2025-06-12',1.55,'2025-08-07 18:13:41','2025-08-07 18:13:41'),(397,'2F33','2025-06-13',-1.83,'2025-08-07 18:13:41','2025-08-07 18:13:41'),(398,'2F33','2025-06-14',1.30,'2025-08-07 18:13:41','2025-08-07 18:13:41'),(399,'2F33','2025-06-15',3.33,'2025-08-07 18:13:41','2025-08-07 18:13:41'),(400,'2F33','2025-06-16',0.84,'2025-08-07 18:13:41','2025-08-07 18:13:41'),(401,'2F33','2025-06-17',0.18,'2025-08-07 18:13:41','2025-08-07 18:13:41'),(402,'2F33','2025-06-18',-1.57,'2025-08-07 18:13:41','2025-08-07 18:13:41'),(403,'2F33','2025-06-19',0.48,'2025-08-07 18:13:41','2025-08-07 18:13:41'),(404,'2F33','2025-06-20',0.39,'2025-08-07 18:13:41','2025-08-07 18:13:41'),(405,'2F33','2025-06-21',0.38,'2025-08-07 18:13:41','2025-08-07 18:13:41'),(406,'2F33','2025-06-22',-1.49,'2025-08-07 18:13:41','2025-08-07 18:13:41'),(407,'2F33','2025-06-23',-1.62,'2025-08-07 18:13:41','2025-08-07 18:13:41'),(408,'2F33','2025-06-24',0.88,'2025-08-07 18:13:41','2025-08-07 18:13:41'),(409,'2F33','2025-06-25',0.66,'2025-08-07 18:13:41','2025-08-07 18:13:41'),(410,'2F33','2025-06-26',3.16,'2025-08-07 18:13:41','2025-08-07 18:13:41'),(411,'2F33','2025-06-27',1.88,'2025-08-07 18:13:41','2025-08-07 18:13:41'),(412,'2F33','2025-06-28',3.17,'2025-08-07 18:13:41','2025-08-07 18:13:41'),(413,'2F33','2025-06-29',-2.86,'2025-08-07 18:13:41','2025-08-07 18:13:41'),(414,'2F33','2025-06-30',-1.10,'2025-08-07 18:13:41','2025-08-07 18:13:41'),(415,'2F33','2025-07-01',-1.80,'2025-08-07 18:13:41','2025-08-07 18:13:41'),(416,'2F33','2025-07-02',2.05,'2025-08-07 18:13:41','2025-08-07 18:13:41'),(417,'2F33','2025-07-03',-0.73,'2025-08-07 18:13:41','2025-08-07 18:13:41'),(418,'2F33','2025-07-04',-2.67,'2025-08-07 18:13:41','2025-08-07 18:13:41'),(419,'2F33','2025-07-05',-2.45,'2025-08-07 18:13:41','2025-08-07 18:13:41'),(420,'2F33','2025-07-06',2.05,'2025-08-07 18:13:41','2025-08-07 18:13:41'),(421,'2F33','2025-07-07',0.89,'2025-08-07 18:13:41','2025-08-07 18:13:41'),(422,'2F33','2025-07-08',-2.97,'2025-08-07 18:13:41','2025-08-07 18:13:41'),(423,'2F33','2025-07-09',-1.63,'2025-08-07 18:13:41','2025-08-07 18:13:41'),(424,'2F33','2025-07-10',3.20,'2025-08-07 18:13:41','2025-08-07 18:13:41'),(425,'2F33','2025-07-11',2.68,'2025-08-07 18:13:41','2025-08-07 18:13:41'),(426,'2F33','2025-07-12',2.52,'2025-08-07 18:13:41','2025-08-07 18:13:41'),(427,'2F33','2025-07-13',-0.40,'2025-08-07 18:13:41','2025-08-07 18:13:41'),(428,'2F33','2025-07-14',1.97,'2025-08-07 18:13:41','2025-08-07 18:13:41'),(429,'2F33','2025-07-15',3.27,'2025-08-07 18:13:41','2025-08-07 18:13:41'),(430,'2F33','2025-07-16',-2.12,'2025-08-07 18:13:41','2025-08-07 18:13:41'),(431,'2F33','2025-07-17',3.44,'2025-08-07 18:13:41','2025-08-07 18:13:41'),(432,'2F33','2025-07-18',3.28,'2025-08-07 18:13:41','2025-08-07 18:13:41'),(433,'2F33','2025-07-19',2.19,'2025-08-07 18:13:41','2025-08-07 18:13:41'),(434,'2F33','2025-07-20',0.44,'2025-08-07 18:13:41','2025-08-07 18:13:41'),(435,'2F33','2025-07-21',-2.10,'2025-08-07 18:13:41','2025-08-07 18:13:41'),(436,'2F33','2025-07-22',-0.67,'2025-08-07 18:13:41','2025-08-07 18:13:41'),(437,'2F33','2025-07-23',1.53,'2025-08-07 18:13:41','2025-08-07 18:13:41'),(438,'2F33','2025-07-24',2.06,'2025-08-07 18:13:41','2025-08-07 18:13:41'),(439,'2F33','2025-07-25',2.88,'2025-08-07 18:13:41','2025-08-07 18:13:41'),(440,'2F33','2025-07-26',1.13,'2025-08-07 18:13:41','2025-08-07 18:13:41'),(441,'2F33','2025-07-27',1.05,'2025-08-07 18:13:41','2025-08-07 18:13:41'),(442,'2F33','2025-07-28',1.67,'2025-08-07 18:13:41','2025-08-07 18:13:41'),(443,'2F33','2025-07-29',0.79,'2025-08-07 18:13:41','2025-08-07 18:13:41'),(444,'2F33','2025-07-30',3.35,'2025-08-07 18:13:41','2025-08-07 18:13:41'),(445,'2F33','2025-07-31',-1.54,'2025-08-07 18:13:41','2025-08-07 18:13:41'),(446,'2F33','2025-08-01',0.19,'2025-08-07 18:13:41','2025-08-07 18:13:41'),(447,'2F33','2025-08-02',0.93,'2025-08-07 18:13:41','2025-08-07 18:13:41'),(448,'2F33','2025-08-03',3.16,'2025-08-07 18:13:41','2025-08-07 18:13:41'),(449,'2F33','2025-08-04',-2.63,'2025-08-07 18:13:41','2025-08-07 18:13:41'),(450,'2F33','2025-08-05',0.77,'2025-08-07 18:13:41','2025-08-07 18:13:41'),(451,'32G1','2025-05-08',0.35,'2025-08-07 18:13:41','2025-08-07 18:13:41'),(452,'32G1','2025-05-09',0.23,'2025-08-07 18:13:41','2025-08-07 18:13:41'),(453,'32G1','2025-05-10',1.70,'2025-08-07 18:13:41','2025-08-07 18:13:41'),(454,'32G1','2025-05-11',2.74,'2025-08-07 18:13:41','2025-08-07 18:13:41'),(455,'32G1','2025-05-12',2.78,'2025-08-07 18:13:41','2025-08-07 18:13:41'),(456,'32G1','2025-05-13',1.88,'2025-08-07 18:13:41','2025-08-07 18:13:41'),(457,'32G1','2025-05-14',3.58,'2025-08-07 18:13:41','2025-08-07 18:13:41'),(458,'32G1','2025-05-15',2.24,'2025-08-07 18:13:41','2025-08-07 18:13:41'),(459,'32G1','2025-05-16',2.93,'2025-08-07 18:13:41','2025-08-07 18:13:41'),(460,'32G1','2025-05-17',-0.33,'2025-08-07 18:13:41','2025-08-07 18:13:41'),(461,'32G1','2025-05-18',-0.12,'2025-08-07 18:13:41','2025-08-07 18:13:41'),(462,'32G1','2025-05-19',-2.45,'2025-08-07 18:13:41','2025-08-07 18:13:41'),(463,'32G1','2025-05-20',-1.14,'2025-08-07 18:13:41','2025-08-07 18:13:41'),(464,'32G1','2025-05-21',2.52,'2025-08-07 18:13:41','2025-08-07 18:13:41'),(465,'32G1','2025-05-22',2.67,'2025-08-07 18:13:41','2025-08-07 18:13:41'),(466,'32G1','2025-05-23',-0.87,'2025-08-07 18:13:41','2025-08-07 18:13:41'),(467,'32G1','2025-05-24',3.24,'2025-08-07 18:13:41','2025-08-07 18:13:41'),(468,'32G1','2025-05-25',0.09,'2025-08-07 18:13:41','2025-08-07 18:13:41'),(469,'32G1','2025-05-26',-2.70,'2025-08-07 18:13:41','2025-08-07 18:13:41'),(470,'32G1','2025-05-27',-0.58,'2025-08-07 18:13:41','2025-08-07 18:13:41'),(471,'32G1','2025-05-28',3.74,'2025-08-07 18:13:41','2025-08-07 18:13:41'),(472,'32G1','2025-05-29',-0.10,'2025-08-07 18:13:41','2025-08-07 18:13:41'),(473,'32G1','2025-05-30',1.38,'2025-08-07 18:13:41','2025-08-07 18:13:41'),(474,'32G1','2025-05-31',0.02,'2025-08-07 18:13:41','2025-08-07 18:13:41'),(475,'32G1','2025-06-01',-1.97,'2025-08-07 18:13:41','2025-08-07 18:13:41'),(476,'32G1','2025-06-02',3.41,'2025-08-07 18:13:41','2025-08-07 18:13:41'),(477,'32G1','2025-06-03',-0.71,'2025-08-07 18:13:41','2025-08-07 18:13:41'),(478,'32G1','2025-06-04',-0.90,'2025-08-07 18:13:41','2025-08-07 18:13:41'),(479,'32G1','2025-06-05',0.44,'2025-08-07 18:13:41','2025-08-07 18:13:41'),(480,'32G1','2025-06-06',-0.34,'2025-08-07 18:13:41','2025-08-07 18:13:41'),(481,'32G1','2025-06-07',-0.12,'2025-08-07 18:13:41','2025-08-07 18:13:41'),(482,'32G1','2025-06-08',-2.28,'2025-08-07 18:13:41','2025-08-07 18:13:41'),(483,'32G1','2025-06-09',0.45,'2025-08-07 18:13:41','2025-08-07 18:13:41'),(484,'32G1','2025-06-10',-2.96,'2025-08-07 18:13:41','2025-08-07 18:13:41'),(485,'32G1','2025-06-11',-0.03,'2025-08-07 18:13:41','2025-08-07 18:13:41'),(486,'32G1','2025-06-12',3.67,'2025-08-07 18:13:41','2025-08-07 18:13:41'),(487,'32G1','2025-06-13',1.44,'2025-08-07 18:13:41','2025-08-07 18:13:41'),(488,'32G1','2025-06-14',2.00,'2025-08-07 18:13:41','2025-08-07 18:13:41'),(489,'32G1','2025-06-15',2.54,'2025-08-07 18:13:41','2025-08-07 18:13:41'),(490,'32G1','2025-06-16',2.99,'2025-08-07 18:13:41','2025-08-07 18:13:41'),(491,'32G1','2025-06-17',3.25,'2025-08-07 18:13:41','2025-08-07 18:13:41'),(492,'32G1','2025-06-18',2.98,'2025-08-07 18:13:41','2025-08-07 18:13:41'),(493,'32G1','2025-06-19',-1.76,'2025-08-07 18:13:41','2025-08-07 18:13:41'),(494,'32G1','2025-06-20',1.68,'2025-08-07 18:13:41','2025-08-07 18:13:41'),(495,'32G1','2025-06-21',1.36,'2025-08-07 18:13:41','2025-08-07 18:13:41'),(496,'32G1','2025-06-22',-2.25,'2025-08-07 18:13:41','2025-08-07 18:13:41'),(497,'32G1','2025-06-23',-2.92,'2025-08-07 18:13:41','2025-08-07 18:13:41'),(498,'32G1','2025-06-24',-1.02,'2025-08-07 18:13:41','2025-08-07 18:13:41'),(499,'32G1','2025-06-25',1.93,'2025-08-07 18:13:41','2025-08-07 18:13:41'),(500,'32G1','2025-06-26',-1.77,'2025-08-07 18:13:41','2025-08-07 18:13:41'),(501,'32G1','2025-06-27',1.60,'2025-08-07 18:13:41','2025-08-07 18:13:41'),(502,'32G1','2025-06-28',-1.10,'2025-08-07 18:13:41','2025-08-07 18:13:41'),(503,'32G1','2025-06-29',-0.50,'2025-08-07 18:13:41','2025-08-07 18:13:41'),(504,'32G1','2025-06-30',-2.09,'2025-08-07 18:13:41','2025-08-07 18:13:41'),(505,'32G1','2025-07-01',-0.14,'2025-08-07 18:13:41','2025-08-07 18:13:41'),(506,'32G1','2025-07-02',0.22,'2025-08-07 18:13:41','2025-08-07 18:13:41'),(507,'32G1','2025-07-03',3.63,'2025-08-07 18:13:41','2025-08-07 18:13:41'),(508,'32G1','2025-07-04',3.30,'2025-08-07 18:13:41','2025-08-07 18:13:41'),(509,'32G1','2025-07-05',2.35,'2025-08-07 18:13:41','2025-08-07 18:13:41'),(510,'32G1','2025-07-06',1.93,'2025-08-07 18:13:41','2025-08-07 18:13:41'),(511,'32G1','2025-07-07',-1.40,'2025-08-07 18:13:41','2025-08-07 18:13:41'),(512,'32G1','2025-07-08',3.30,'2025-08-07 18:13:41','2025-08-07 18:13:41'),(513,'32G1','2025-07-09',-1.34,'2025-08-07 18:13:41','2025-08-07 18:13:41'),(514,'32G1','2025-07-10',3.75,'2025-08-07 18:13:41','2025-08-07 18:13:41'),(515,'32G1','2025-07-11',0.07,'2025-08-07 18:13:41','2025-08-07 18:13:41'),(516,'32G1','2025-07-12',1.25,'2025-08-07 18:13:41','2025-08-07 18:13:41'),(517,'32G1','2025-07-13',0.44,'2025-08-07 18:13:41','2025-08-07 18:13:41'),(518,'32G1','2025-07-14',1.37,'2025-08-07 18:13:41','2025-08-07 18:13:41'),(519,'32G1','2025-07-15',0.66,'2025-08-07 18:13:41','2025-08-07 18:13:41'),(520,'32G1','2025-07-16',-1.08,'2025-08-07 18:13:41','2025-08-07 18:13:41'),(521,'32G1','2025-07-17',-2.13,'2025-08-07 18:13:41','2025-08-07 18:13:41'),(522,'32G1','2025-07-18',0.87,'2025-08-07 18:13:41','2025-08-07 18:13:41'),(523,'32G1','2025-07-19',-0.48,'2025-08-07 18:13:41','2025-08-07 18:13:41'),(524,'32G1','2025-07-20',3.99,'2025-08-07 18:13:41','2025-08-07 18:13:41'),(525,'32G1','2025-07-21',1.17,'2025-08-07 18:13:41','2025-08-07 18:13:41'),(526,'32G1','2025-07-22',1.54,'2025-08-07 18:13:41','2025-08-07 18:13:41'),(527,'32G1','2025-07-23',-2.05,'2025-08-07 18:13:41','2025-08-07 18:13:41'),(528,'32G1','2025-07-24',-1.90,'2025-08-07 18:13:41','2025-08-07 18:13:41'),(529,'32G1','2025-07-25',-2.37,'2025-08-07 18:13:41','2025-08-07 18:13:41'),(530,'32G1','2025-07-26',1.94,'2025-08-07 18:13:41','2025-08-07 18:13:41'),(531,'32G1','2025-07-27',0.11,'2025-08-07 18:13:41','2025-08-07 18:13:41'),(532,'32G1','2025-07-28',1.05,'2025-08-07 18:13:41','2025-08-07 18:13:41'),(533,'32G1','2025-07-29',-2.98,'2025-08-07 18:13:41','2025-08-07 18:13:41'),(534,'32G1','2025-07-30',0.46,'2025-08-07 18:13:41','2025-08-07 18:13:41'),(535,'32G1','2025-07-31',0.15,'2025-08-07 18:13:41','2025-08-07 18:13:41'),(536,'32G1','2025-08-01',1.88,'2025-08-07 18:13:41','2025-08-07 18:13:41'),(537,'32G1','2025-08-02',-1.06,'2025-08-07 18:13:41','2025-08-07 18:13:41'),(538,'32G1','2025-08-03',-0.56,'2025-08-07 18:13:41','2025-08-07 18:13:41'),(539,'32G1','2025-08-04',-0.99,'2025-08-07 18:13:41','2025-08-07 18:13:41'),(540,'32G1','2025-08-05',2.20,'2025-08-07 18:13:41','2025-08-07 18:13:41'),(541,'2S01','2025-05-08',0.18,'2025-08-07 18:13:41','2025-08-07 18:13:41'),(542,'2S01','2025-05-09',-1.73,'2025-08-07 18:13:41','2025-08-07 18:13:41'),(543,'2S01','2025-05-10',1.85,'2025-08-07 18:13:41','2025-08-07 18:13:41'),(544,'2S01','2025-05-11',2.18,'2025-08-07 18:13:41','2025-08-07 18:13:41'),(545,'2S01','2025-05-12',2.84,'2025-08-07 18:13:41','2025-08-07 18:13:41'),(546,'2S01','2025-05-13',2.79,'2025-08-07 18:13:41','2025-08-07 18:13:41'),(547,'2S01','2025-05-14',0.52,'2025-08-07 18:13:41','2025-08-07 18:13:41'),(548,'2S01','2025-05-15',1.69,'2025-08-07 18:13:41','2025-08-07 18:13:41'),(549,'2S01','2025-05-16',-0.48,'2025-08-07 18:13:41','2025-08-07 18:13:41'),(550,'2S01','2025-05-17',-0.85,'2025-08-07 18:13:41','2025-08-07 18:13:41'),(551,'2S01','2025-05-18',1.83,'2025-08-07 18:13:41','2025-08-07 18:13:41'),(552,'2S01','2025-05-19',0.21,'2025-08-07 18:13:41','2025-08-07 18:13:41'),(553,'2S01','2025-05-20',-0.27,'2025-08-07 18:13:41','2025-08-07 18:13:41'),(554,'2S01','2025-05-21',0.42,'2025-08-07 18:13:41','2025-08-07 18:13:41'),(555,'2S01','2025-05-22',2.30,'2025-08-07 18:13:41','2025-08-07 18:13:41'),(556,'2S01','2025-05-23',1.15,'2025-08-07 18:13:41','2025-08-07 18:13:41'),(557,'2S01','2025-05-24',0.45,'2025-08-07 18:13:41','2025-08-07 18:13:41'),(558,'2S01','2025-05-25',-0.79,'2025-08-07 18:13:41','2025-08-07 18:13:41'),(559,'2S01','2025-05-26',-2.95,'2025-08-07 18:13:41','2025-08-07 18:13:41'),(560,'2S01','2025-05-27',-3.00,'2025-08-07 18:13:41','2025-08-07 18:13:41'),(561,'2S01','2025-05-28',-1.85,'2025-08-07 18:13:41','2025-08-07 18:13:41'),(562,'2S01','2025-05-29',3.19,'2025-08-07 18:13:41','2025-08-07 18:13:41'),(563,'2S01','2025-05-30',1.99,'2025-08-07 18:13:41','2025-08-07 18:13:41'),(564,'2S01','2025-05-31',-2.61,'2025-08-07 18:13:41','2025-08-07 18:13:41'),(565,'2S01','2025-06-01',3.80,'2025-08-07 18:13:41','2025-08-07 18:13:41'),(566,'2S01','2025-06-02',-0.01,'2025-08-07 18:13:41','2025-08-07 18:13:41'),(567,'2S01','2025-06-03',-0.39,'2025-08-07 18:13:41','2025-08-07 18:13:41'),(568,'2S01','2025-06-04',-0.96,'2025-08-07 18:13:41','2025-08-07 18:13:41'),(569,'2S01','2025-06-05',-0.35,'2025-08-07 18:13:41','2025-08-07 18:13:41'),(570,'2S01','2025-06-06',3.65,'2025-08-07 18:13:41','2025-08-07 18:13:41'),(571,'2S01','2025-06-07',-0.63,'2025-08-07 18:13:41','2025-08-07 18:13:41'),(572,'2S01','2025-06-08',1.88,'2025-08-07 18:13:41','2025-08-07 18:13:41'),(573,'2S01','2025-06-09',1.57,'2025-08-07 18:13:41','2025-08-07 18:13:41'),(574,'2S01','2025-06-10',-0.67,'2025-08-07 18:13:41','2025-08-07 18:13:41'),(575,'2S01','2025-06-11',3.19,'2025-08-07 18:13:41','2025-08-07 18:13:41'),(576,'2S01','2025-06-12',3.66,'2025-08-07 18:13:41','2025-08-07 18:13:41'),(577,'2S01','2025-06-13',1.73,'2025-08-07 18:13:41','2025-08-07 18:13:41'),(578,'2S01','2025-06-14',-0.60,'2025-08-07 18:13:41','2025-08-07 18:13:41'),(579,'2S01','2025-06-15',-0.89,'2025-08-07 18:13:41','2025-08-07 18:13:41'),(580,'2S01','2025-06-16',-2.86,'2025-08-07 18:13:41','2025-08-07 18:13:41'),(581,'2S01','2025-06-17',-2.09,'2025-08-07 18:13:41','2025-08-07 18:13:41'),(582,'2S01','2025-06-18',-1.86,'2025-08-07 18:13:41','2025-08-07 18:13:41'),(583,'2S01','2025-06-19',1.64,'2025-08-07 18:13:41','2025-08-07 18:13:41'),(584,'2S01','2025-06-20',1.65,'2025-08-07 18:13:41','2025-08-07 18:13:41'),(585,'2S01','2025-06-21',3.38,'2025-08-07 18:13:41','2025-08-07 18:13:41'),(586,'2S01','2025-06-22',2.78,'2025-08-07 18:13:41','2025-08-07 18:13:41'),(587,'2S01','2025-06-23',-0.66,'2025-08-07 18:13:41','2025-08-07 18:13:41'),(588,'2S01','2025-06-24',1.24,'2025-08-07 18:13:41','2025-08-07 18:13:41'),(589,'2S01','2025-06-25',2.28,'2025-08-07 18:13:41','2025-08-07 18:13:41'),(590,'2S01','2025-06-26',2.73,'2025-08-07 18:13:41','2025-08-07 18:13:41'),(591,'2S01','2025-06-27',-1.79,'2025-08-07 18:13:41','2025-08-07 18:13:41'),(592,'2S01','2025-06-28',1.80,'2025-08-07 18:13:41','2025-08-07 18:13:41'),(593,'2S01','2025-06-29',-2.83,'2025-08-07 18:13:41','2025-08-07 18:13:41'),(594,'2S01','2025-06-30',-0.52,'2025-08-07 18:13:41','2025-08-07 18:13:41'),(595,'2S01','2025-07-01',0.01,'2025-08-07 18:13:41','2025-08-07 18:13:41'),(596,'2S01','2025-07-02',-0.16,'2025-08-07 18:13:41','2025-08-07 18:13:41'),(597,'2S01','2025-07-03',3.32,'2025-08-07 18:13:41','2025-08-07 18:13:41'),(598,'2S01','2025-07-04',-2.38,'2025-08-07 18:13:41','2025-08-07 18:13:41'),(599,'2S01','2025-07-05',-1.09,'2025-08-07 18:13:41','2025-08-07 18:13:41'),(600,'2S01','2025-07-06',3.92,'2025-08-07 18:13:41','2025-08-07 18:13:41'),(601,'2S01','2025-07-07',-1.20,'2025-08-07 18:13:41','2025-08-07 18:13:41'),(602,'2S01','2025-07-08',1.69,'2025-08-07 18:13:41','2025-08-07 18:13:41'),(603,'2S01','2025-07-09',1.93,'2025-08-07 18:13:41','2025-08-07 18:13:41'),(604,'2S01','2025-07-10',-0.95,'2025-08-07 18:13:41','2025-08-07 18:13:41'),(605,'2S01','2025-07-11',2.25,'2025-08-07 18:13:41','2025-08-07 18:13:41'),(606,'2S01','2025-07-12',0.28,'2025-08-07 18:13:41','2025-08-07 18:13:41'),(607,'2S01','2025-07-13',1.36,'2025-08-07 18:13:41','2025-08-07 18:13:41'),(608,'2S01','2025-07-14',1.76,'2025-08-07 18:13:41','2025-08-07 18:13:41'),(609,'2S01','2025-07-15',-2.80,'2025-08-07 18:13:41','2025-08-07 18:13:41'),(610,'2S01','2025-07-16',-1.34,'2025-08-07 18:13:41','2025-08-07 18:13:41'),(611,'2S01','2025-07-17',0.34,'2025-08-07 18:13:41','2025-08-07 18:13:41'),(612,'2S01','2025-07-18',-1.34,'2025-08-07 18:13:41','2025-08-07 18:13:41'),(613,'2S01','2025-07-19',1.32,'2025-08-07 18:13:41','2025-08-07 18:13:41'),(614,'2S01','2025-07-20',-0.36,'2025-08-07 18:13:41','2025-08-07 18:13:41'),(615,'2S01','2025-07-21',1.27,'2025-08-07 18:13:41','2025-08-07 18:13:41'),(616,'2S01','2025-07-22',3.50,'2025-08-07 18:13:41','2025-08-07 18:13:41'),(617,'2S01','2025-07-23',-2.57,'2025-08-07 18:13:41','2025-08-07 18:13:41'),(618,'2S01','2025-07-24',3.16,'2025-08-07 18:13:41','2025-08-07 18:13:41'),(619,'2S01','2025-07-25',1.17,'2025-08-07 18:13:41','2025-08-07 18:13:41'),(620,'2S01','2025-07-26',-2.22,'2025-08-07 18:13:41','2025-08-07 18:13:41'),(621,'2S01','2025-07-27',1.16,'2025-08-07 18:13:41','2025-08-07 18:13:41'),(622,'2S01','2025-07-28',-1.34,'2025-08-07 18:13:41','2025-08-07 18:13:41'),(623,'2S01','2025-07-29',0.57,'2025-08-07 18:13:41','2025-08-07 18:13:41'),(624,'2S01','2025-07-30',-2.79,'2025-08-07 18:13:41','2025-08-07 18:13:41'),(625,'2S01','2025-07-31',3.96,'2025-08-07 18:13:41','2025-08-07 18:13:41'),(626,'2S01','2025-08-01',-0.99,'2025-08-07 18:13:41','2025-08-07 18:13:41'),(627,'2S01','2025-08-02',-0.46,'2025-08-07 18:13:41','2025-08-07 18:13:41'),(628,'2S01','2025-08-03',3.43,'2025-08-07 18:13:41','2025-08-07 18:13:41'),(629,'2S01','2025-08-04',3.49,'2025-08-07 18:13:41','2025-08-07 18:13:41'),(630,'2S01','2025-08-05',3.58,'2025-08-07 18:13:41','2025-08-07 18:13:41'),(631,'2M72','2025-05-08',1.52,'2025-08-07 18:13:41','2025-08-07 18:13:41'),(632,'2M72','2025-05-09',3.15,'2025-08-07 18:13:41','2025-08-07 18:13:41'),(633,'2M72','2025-05-10',-2.74,'2025-08-07 18:13:41','2025-08-07 18:13:41'),(634,'2M72','2025-05-11',-2.31,'2025-08-07 18:13:41','2025-08-07 18:13:41'),(635,'2M72','2025-05-12',0.04,'2025-08-07 18:13:41','2025-08-07 18:13:41'),(636,'2M72','2025-05-13',-1.05,'2025-08-07 18:13:41','2025-08-07 18:13:41'),(637,'2M72','2025-05-14',3.68,'2025-08-07 18:13:41','2025-08-07 18:13:41'),(638,'2M72','2025-05-15',-1.01,'2025-08-07 18:13:41','2025-08-07 18:13:41'),(639,'2M72','2025-05-16',0.55,'2025-08-07 18:13:41','2025-08-07 18:13:41'),(640,'2M72','2025-05-17',2.60,'2025-08-07 18:13:41','2025-08-07 18:13:41'),(641,'2M72','2025-05-18',-1.01,'2025-08-07 18:13:41','2025-08-07 18:13:41'),(642,'2M72','2025-05-19',-1.33,'2025-08-07 18:13:41','2025-08-07 18:13:41'),(643,'2M72','2025-05-20',2.40,'2025-08-07 18:13:41','2025-08-07 18:13:41'),(644,'2M72','2025-05-21',2.00,'2025-08-07 18:13:41','2025-08-07 18:13:41'),(645,'2M72','2025-05-22',-0.95,'2025-08-07 18:13:41','2025-08-07 18:13:41'),(646,'2M72','2025-05-23',-1.37,'2025-08-07 18:13:41','2025-08-07 18:13:41'),(647,'2M72','2025-05-24',-2.11,'2025-08-07 18:13:41','2025-08-07 18:13:41'),(648,'2M72','2025-05-25',-2.02,'2025-08-07 18:13:41','2025-08-07 18:13:41'),(649,'2M72','2025-05-26',2.83,'2025-08-07 18:13:41','2025-08-07 18:13:41'),(650,'2M72','2025-05-27',2.24,'2025-08-07 18:13:41','2025-08-07 18:13:41'),(651,'2M72','2025-05-28',2.16,'2025-08-07 18:13:41','2025-08-07 18:13:41'),(652,'2M72','2025-05-29',3.03,'2025-08-07 18:13:41','2025-08-07 18:13:41'),(653,'2M72','2025-05-30',3.07,'2025-08-07 18:13:41','2025-08-07 18:13:41'),(654,'2M72','2025-05-31',-1.91,'2025-08-07 18:13:41','2025-08-07 18:13:41'),(655,'2M72','2025-06-01',-2.18,'2025-08-07 18:13:41','2025-08-07 18:13:41'),(656,'2M72','2025-06-02',0.07,'2025-08-07 18:13:41','2025-08-07 18:13:41'),(657,'2M72','2025-06-03',3.78,'2025-08-07 18:13:41','2025-08-07 18:13:41'),(658,'2M72','2025-06-04',3.62,'2025-08-07 18:13:41','2025-08-07 18:13:41'),(659,'2M72','2025-06-05',-1.19,'2025-08-07 18:13:41','2025-08-07 18:13:41'),(660,'2M72','2025-06-06',-1.17,'2025-08-07 18:13:41','2025-08-07 18:13:41'),(661,'2M72','2025-06-07',3.18,'2025-08-07 18:13:41','2025-08-07 18:13:41'),(662,'2M72','2025-06-08',1.83,'2025-08-07 18:13:41','2025-08-07 18:13:41'),(663,'2M72','2025-06-09',3.29,'2025-08-07 18:13:41','2025-08-07 18:13:41'),(664,'2M72','2025-06-10',3.91,'2025-08-07 18:13:41','2025-08-07 18:13:41'),(665,'2M72','2025-06-11',-1.10,'2025-08-07 18:13:41','2025-08-07 18:13:41'),(666,'2M72','2025-06-12',-1.43,'2025-08-07 18:13:41','2025-08-07 18:13:41'),(667,'2M72','2025-06-13',3.90,'2025-08-07 18:13:41','2025-08-07 18:13:41'),(668,'2M72','2025-06-14',1.71,'2025-08-07 18:13:41','2025-08-07 18:13:41'),(669,'2M72','2025-06-15',-0.63,'2025-08-07 18:13:41','2025-08-07 18:13:41'),(670,'2M72','2025-06-16',0.91,'2025-08-07 18:13:41','2025-08-07 18:13:41'),(671,'2M72','2025-06-17',0.87,'2025-08-07 18:13:41','2025-08-07 18:13:41'),(672,'2M72','2025-06-18',2.31,'2025-08-07 18:13:41','2025-08-07 18:13:41'),(673,'2M72','2025-06-19',1.72,'2025-08-07 18:13:41','2025-08-07 18:13:41'),(674,'2M72','2025-06-20',1.20,'2025-08-07 18:13:41','2025-08-07 18:13:41'),(675,'2M72','2025-06-21',-1.09,'2025-08-07 18:13:41','2025-08-07 18:13:41'),(676,'2M72','2025-06-22',0.73,'2025-08-07 18:13:41','2025-08-07 18:13:41'),(677,'2M72','2025-06-23',2.05,'2025-08-07 18:13:41','2025-08-07 18:13:41'),(678,'2M72','2025-06-24',0.31,'2025-08-07 18:13:41','2025-08-07 18:13:41'),(679,'2M72','2025-06-25',-1.09,'2025-08-07 18:13:41','2025-08-07 18:13:41'),(680,'2M72','2025-06-26',3.10,'2025-08-07 18:13:41','2025-08-07 18:13:41'),(681,'2M72','2025-06-27',0.61,'2025-08-07 18:13:41','2025-08-07 18:13:41'),(682,'2M72','2025-06-28',2.88,'2025-08-07 18:13:41','2025-08-07 18:13:41'),(683,'2M72','2025-06-29',2.20,'2025-08-07 18:13:41','2025-08-07 18:13:41'),(684,'2M72','2025-06-30',2.97,'2025-08-07 18:13:41','2025-08-07 18:13:41'),(685,'2M72','2025-07-01',-1.89,'2025-08-07 18:13:41','2025-08-07 18:13:41'),(686,'2M72','2025-07-02',1.54,'2025-08-07 18:13:41','2025-08-07 18:13:41'),(687,'2M72','2025-07-03',2.49,'2025-08-07 18:13:41','2025-08-07 18:13:41'),(688,'2M72','2025-07-04',2.66,'2025-08-07 18:13:41','2025-08-07 18:13:41'),(689,'2M72','2025-07-05',-1.35,'2025-08-07 18:13:41','2025-08-07 18:13:41'),(690,'2M72','2025-07-06',0.81,'2025-08-07 18:13:41','2025-08-07 18:13:41'),(691,'2M72','2025-07-07',-2.96,'2025-08-07 18:13:41','2025-08-07 18:13:41'),(692,'2M72','2025-07-08',-2.81,'2025-08-07 18:13:41','2025-08-07 18:13:41'),(693,'2M72','2025-07-09',0.61,'2025-08-07 18:13:41','2025-08-07 18:13:41'),(694,'2M72','2025-07-10',-0.71,'2025-08-07 18:13:41','2025-08-07 18:13:41'),(695,'2M72','2025-07-11',-1.19,'2025-08-07 18:13:41','2025-08-07 18:13:41'),(696,'2M72','2025-07-12',-2.11,'2025-08-07 18:13:41','2025-08-07 18:13:41'),(697,'2M72','2025-07-13',0.26,'2025-08-07 18:13:41','2025-08-07 18:13:41'),(698,'2M72','2025-07-14',-1.46,'2025-08-07 18:13:41','2025-08-07 18:13:41'),(699,'2M72','2025-07-15',-1.31,'2025-08-07 18:13:41','2025-08-07 18:13:41'),(700,'2M72','2025-07-16',2.74,'2025-08-07 18:13:41','2025-08-07 18:13:41'),(701,'2M72','2025-07-17',1.81,'2025-08-07 18:13:41','2025-08-07 18:13:41'),(702,'2M72','2025-07-18',3.87,'2025-08-07 18:13:41','2025-08-07 18:13:41'),(703,'2M72','2025-07-19',0.62,'2025-08-07 18:13:41','2025-08-07 18:13:41'),(704,'2M72','2025-07-20',-0.54,'2025-08-07 18:13:41','2025-08-07 18:13:41'),(705,'2M72','2025-07-21',1.36,'2025-08-07 18:13:41','2025-08-07 18:13:41'),(706,'2M72','2025-07-22',-0.27,'2025-08-07 18:13:41','2025-08-07 18:13:41'),(707,'2M72','2025-07-23',-0.01,'2025-08-07 18:13:41','2025-08-07 18:13:41'),(708,'2M72','2025-07-24',-2.73,'2025-08-07 18:13:41','2025-08-07 18:13:41'),(709,'2M72','2025-07-25',-1.22,'2025-08-07 18:13:41','2025-08-07 18:13:41'),(710,'2M72','2025-07-26',-1.85,'2025-08-07 18:13:41','2025-08-07 18:13:41'),(711,'2M72','2025-07-27',0.09,'2025-08-07 18:13:41','2025-08-07 18:13:41'),(712,'2M72','2025-07-28',-1.25,'2025-08-07 18:13:41','2025-08-07 18:13:41'),(713,'2M72','2025-07-29',-2.32,'2025-08-07 18:13:41','2025-08-07 18:13:41'),(714,'2M72','2025-07-30',3.22,'2025-08-07 18:13:41','2025-08-07 18:13:41'),(715,'2M72','2025-07-31',2.54,'2025-08-07 18:13:41','2025-08-07 18:13:41'),(716,'2M72','2025-08-01',-0.57,'2025-08-07 18:13:41','2025-08-07 18:13:41'),(717,'2M72','2025-08-02',2.25,'2025-08-07 18:13:41','2025-08-07 18:13:41'),(718,'2M72','2025-08-03',3.11,'2025-08-07 18:13:41','2025-08-07 18:13:41'),(719,'2M72','2025-08-04',0.01,'2025-08-07 18:13:41','2025-08-07 18:13:41'),(720,'2M72','2025-08-05',0.64,'2025-08-07 18:13:41','2025-08-07 18:13:41'),(721,'33R2','2025-05-08',1.55,'2025-08-07 18:13:41','2025-08-07 18:13:41'),(722,'33R2','2025-05-09',0.43,'2025-08-07 18:13:41','2025-08-07 18:13:41'),(723,'33R2','2025-05-10',-0.65,'2025-08-07 18:13:41','2025-08-07 18:13:41'),(724,'33R2','2025-05-11',-1.89,'2025-08-07 18:13:41','2025-08-07 18:13:41'),(725,'33R2','2025-05-12',-1.18,'2025-08-07 18:13:41','2025-08-07 18:13:41'),(726,'33R2','2025-05-13',-2.29,'2025-08-07 18:13:41','2025-08-07 18:13:41'),(727,'33R2','2025-05-14',3.76,'2025-08-07 18:13:41','2025-08-07 18:13:41'),(728,'33R2','2025-05-15',0.68,'2025-08-07 18:13:41','2025-08-07 18:13:41'),(729,'33R2','2025-05-16',-1.77,'2025-08-07 18:13:41','2025-08-07 18:13:41'),(730,'33R2','2025-05-17',1.21,'2025-08-07 18:13:41','2025-08-07 18:13:41'),(731,'33R2','2025-05-18',1.70,'2025-08-07 18:13:41','2025-08-07 18:13:41'),(732,'33R2','2025-05-19',0.71,'2025-08-07 18:13:41','2025-08-07 18:13:41'),(733,'33R2','2025-05-20',-1.83,'2025-08-07 18:13:41','2025-08-07 18:13:41'),(734,'33R2','2025-05-21',-1.18,'2025-08-07 18:13:41','2025-08-07 18:13:41'),(735,'33R2','2025-05-22',3.79,'2025-08-07 18:13:41','2025-08-07 18:13:41'),(736,'33R2','2025-05-23',0.68,'2025-08-07 18:13:41','2025-08-07 18:13:41'),(737,'33R2','2025-05-24',-1.25,'2025-08-07 18:13:41','2025-08-07 18:13:41'),(738,'33R2','2025-05-25',1.98,'2025-08-07 18:13:41','2025-08-07 18:13:41'),(739,'33R2','2025-05-26',-2.24,'2025-08-07 18:13:41','2025-08-07 18:13:41'),(740,'33R2','2025-05-27',1.58,'2025-08-07 18:13:41','2025-08-07 18:13:41'),(741,'33R2','2025-05-28',-2.13,'2025-08-07 18:13:41','2025-08-07 18:13:41'),(742,'33R2','2025-05-29',-0.54,'2025-08-07 18:13:41','2025-08-07 18:13:41'),(743,'33R2','2025-05-30',-2.22,'2025-08-07 18:13:41','2025-08-07 18:13:41'),(744,'33R2','2025-05-31',1.32,'2025-08-07 18:13:41','2025-08-07 18:13:41'),(745,'33R2','2025-06-01',0.75,'2025-08-07 18:13:41','2025-08-07 18:13:41'),(746,'33R2','2025-06-02',3.18,'2025-08-07 18:13:41','2025-08-07 18:13:41'),(747,'33R2','2025-06-03',-1.13,'2025-08-07 18:13:41','2025-08-07 18:13:41'),(748,'33R2','2025-06-04',0.91,'2025-08-07 18:13:41','2025-08-07 18:13:41'),(749,'33R2','2025-06-05',2.96,'2025-08-07 18:13:41','2025-08-07 18:13:41'),(750,'33R2','2025-06-06',-1.72,'2025-08-07 18:13:41','2025-08-07 18:13:41'),(751,'33R2','2025-06-07',-0.52,'2025-08-07 18:13:41','2025-08-07 18:13:41'),(752,'33R2','2025-06-08',-1.15,'2025-08-07 18:13:41','2025-08-07 18:13:41'),(753,'33R2','2025-06-09',1.63,'2025-08-07 18:13:41','2025-08-07 18:13:41'),(754,'33R2','2025-06-10',2.29,'2025-08-07 18:13:41','2025-08-07 18:13:41'),(755,'33R2','2025-06-11',-1.97,'2025-08-07 18:13:41','2025-08-07 18:13:41'),(756,'33R2','2025-06-12',3.99,'2025-08-07 18:13:41','2025-08-07 18:13:41'),(757,'33R2','2025-06-13',-2.52,'2025-08-07 18:13:41','2025-08-07 18:13:41'),(758,'33R2','2025-06-14',1.24,'2025-08-07 18:13:41','2025-08-07 18:13:41'),(759,'33R2','2025-06-15',-1.66,'2025-08-07 18:13:41','2025-08-07 18:13:41'),(760,'33R2','2025-06-16',-0.04,'2025-08-07 18:13:41','2025-08-07 18:13:41'),(761,'33R2','2025-06-17',-0.90,'2025-08-07 18:13:41','2025-08-07 18:13:41'),(762,'33R2','2025-06-18',2.61,'2025-08-07 18:13:41','2025-08-07 18:13:41'),(763,'33R2','2025-06-19',-0.67,'2025-08-07 18:13:41','2025-08-07 18:13:41'),(764,'33R2','2025-06-20',3.67,'2025-08-07 18:13:41','2025-08-07 18:13:41'),(765,'33R2','2025-06-21',-0.25,'2025-08-07 18:13:41','2025-08-07 18:13:41'),(766,'33R2','2025-06-22',-0.49,'2025-08-07 18:13:41','2025-08-07 18:13:41'),(767,'33R2','2025-06-23',2.72,'2025-08-07 18:13:41','2025-08-07 18:13:41'),(768,'33R2','2025-06-24',-1.20,'2025-08-07 18:13:41','2025-08-07 18:13:41'),(769,'33R2','2025-06-25',2.06,'2025-08-07 18:13:41','2025-08-07 18:13:41'),(770,'33R2','2025-06-26',-1.30,'2025-08-07 18:13:41','2025-08-07 18:13:41'),(771,'33R2','2025-06-27',-1.83,'2025-08-07 18:13:41','2025-08-07 18:13:41'),(772,'33R2','2025-06-28',1.62,'2025-08-07 18:13:41','2025-08-07 18:13:41'),(773,'33R2','2025-06-29',-2.32,'2025-08-07 18:13:41','2025-08-07 18:13:41'),(774,'33R2','2025-06-30',-1.98,'2025-08-07 18:13:41','2025-08-07 18:13:41'),(775,'33R2','2025-07-01',-1.97,'2025-08-07 18:13:41','2025-08-07 18:13:41'),(776,'33R2','2025-07-02',-0.73,'2025-08-07 18:13:41','2025-08-07 18:13:41'),(777,'33R2','2025-07-03',2.41,'2025-08-07 18:13:41','2025-08-07 18:13:41'),(778,'33R2','2025-07-04',0.34,'2025-08-07 18:13:41','2025-08-07 18:13:41'),(779,'33R2','2025-07-05',2.73,'2025-08-07 18:13:41','2025-08-07 18:13:41'),(780,'33R2','2025-07-06',-1.59,'2025-08-07 18:13:41','2025-08-07 18:13:41'),(781,'33R2','2025-07-07',1.49,'2025-08-07 18:13:41','2025-08-07 18:13:41'),(782,'33R2','2025-07-08',2.80,'2025-08-07 18:13:41','2025-08-07 18:13:41'),(783,'33R2','2025-07-09',3.21,'2025-08-07 18:13:41','2025-08-07 18:13:41'),(784,'33R2','2025-07-10',0.55,'2025-08-07 18:13:41','2025-08-07 18:13:41'),(785,'33R2','2025-07-11',2.96,'2025-08-07 18:13:41','2025-08-07 18:13:41'),(786,'33R2','2025-07-12',0.06,'2025-08-07 18:13:41','2025-08-07 18:13:41'),(787,'33R2','2025-07-13',2.55,'2025-08-07 18:13:41','2025-08-07 18:13:41'),(788,'33R2','2025-07-14',-1.15,'2025-08-07 18:13:41','2025-08-07 18:13:41'),(789,'33R2','2025-07-15',-0.69,'2025-08-07 18:13:41','2025-08-07 18:13:41'),(790,'33R2','2025-07-16',2.54,'2025-08-07 18:13:41','2025-08-07 18:13:41'),(791,'33R2','2025-07-17',-1.51,'2025-08-07 18:13:41','2025-08-07 18:13:41'),(792,'33R2','2025-07-18',1.40,'2025-08-07 18:13:41','2025-08-07 18:13:41'),(793,'33R2','2025-07-19',1.67,'2025-08-07 18:13:41','2025-08-07 18:13:41'),(794,'33R2','2025-07-20',3.99,'2025-08-07 18:13:41','2025-08-07 18:13:41'),(795,'33R2','2025-07-21',0.08,'2025-08-07 18:13:41','2025-08-07 18:13:41'),(796,'33R2','2025-07-22',-2.01,'2025-08-07 18:13:41','2025-08-07 18:13:41'),(797,'33R2','2025-07-23',2.14,'2025-08-07 18:13:41','2025-08-07 18:13:41'),(798,'33R2','2025-07-24',3.09,'2025-08-07 18:13:41','2025-08-07 18:13:41'),(799,'33R2','2025-07-25',1.20,'2025-08-07 18:13:41','2025-08-07 18:13:41'),(800,'33R2','2025-07-26',3.88,'2025-08-07 18:13:41','2025-08-07 18:13:41'),(801,'33R2','2025-07-27',-2.35,'2025-08-07 18:13:41','2025-08-07 18:13:41'),(802,'33R2','2025-07-28',1.99,'2025-08-07 18:13:41','2025-08-07 18:13:41'),(803,'33R2','2025-07-29',0.72,'2025-08-07 18:13:41','2025-08-07 18:13:41'),(804,'33R2','2025-07-30',3.55,'2025-08-07 18:13:41','2025-08-07 18:13:41'),(805,'33R2','2025-07-31',1.06,'2025-08-07 18:13:41','2025-08-07 18:13:41'),(806,'33R2','2025-08-01',0.15,'2025-08-07 18:13:41','2025-08-07 18:13:41'),(807,'33R2','2025-08-02',1.49,'2025-08-07 18:13:41','2025-08-07 18:13:41'),(808,'33R2','2025-08-03',-0.72,'2025-08-07 18:13:41','2025-08-07 18:13:41'),(809,'33R2','2025-08-04',2.81,'2025-08-07 18:13:41','2025-08-07 18:13:41'),(810,'33R2','2025-08-05',0.63,'2025-08-07 18:13:41','2025-08-07 18:13:41'),(811,'2K24','2025-05-08',-0.86,'2025-08-07 18:13:41','2025-08-07 18:13:41'),(812,'2K24','2025-05-09',-1.99,'2025-08-07 18:13:41','2025-08-07 18:13:41'),(813,'2K24','2025-05-10',-1.21,'2025-08-07 18:13:41','2025-08-07 18:13:41'),(814,'2K24','2025-05-11',3.30,'2025-08-07 18:13:41','2025-08-07 18:13:41'),(815,'2K24','2025-05-12',2.75,'2025-08-07 18:13:41','2025-08-07 18:13:41'),(816,'2K24','2025-05-13',1.74,'2025-08-07 18:13:41','2025-08-07 18:13:41'),(817,'2K24','2025-05-14',-0.52,'2025-08-07 18:13:41','2025-08-07 18:13:41'),(818,'2K24','2025-05-15',3.48,'2025-08-07 18:13:41','2025-08-07 18:13:41'),(819,'2K24','2025-05-16',-1.57,'2025-08-07 18:13:41','2025-08-07 18:13:41'),(820,'2K24','2025-05-17',2.77,'2025-08-07 18:13:41','2025-08-07 18:13:41'),(821,'2K24','2025-05-18',0.19,'2025-08-07 18:13:41','2025-08-07 18:13:41'),(822,'2K24','2025-05-19',0.80,'2025-08-07 18:13:41','2025-08-07 18:13:41'),(823,'2K24','2025-05-20',0.40,'2025-08-07 18:13:41','2025-08-07 18:13:41'),(824,'2K24','2025-05-21',-2.93,'2025-08-07 18:13:41','2025-08-07 18:13:41'),(825,'2K24','2025-05-22',-0.57,'2025-08-07 18:13:41','2025-08-07 18:13:41'),(826,'2K24','2025-05-23',-1.20,'2025-08-07 18:13:41','2025-08-07 18:13:41'),(827,'2K24','2025-05-24',-1.09,'2025-08-07 18:13:41','2025-08-07 18:13:41'),(828,'2K24','2025-05-25',-0.16,'2025-08-07 18:13:41','2025-08-07 18:13:41'),(829,'2K24','2025-05-26',-1.19,'2025-08-07 18:13:41','2025-08-07 18:13:41'),(830,'2K24','2025-05-27',3.91,'2025-08-07 18:13:41','2025-08-07 18:13:41'),(831,'2K24','2025-05-28',1.37,'2025-08-07 18:13:41','2025-08-07 18:13:41'),(832,'2K24','2025-05-29',-0.25,'2025-08-07 18:13:41','2025-08-07 18:13:41'),(833,'2K24','2025-05-30',-1.13,'2025-08-07 18:13:41','2025-08-07 18:13:41'),(834,'2K24','2025-05-31',2.04,'2025-08-07 18:13:41','2025-08-07 18:13:41'),(835,'2K24','2025-06-01',-0.87,'2025-08-07 18:13:41','2025-08-07 18:13:41'),(836,'2K24','2025-06-02',1.73,'2025-08-07 18:13:41','2025-08-07 18:13:41'),(837,'2K24','2025-06-03',2.80,'2025-08-07 18:13:41','2025-08-07 18:13:41'),(838,'2K24','2025-06-04',1.33,'2025-08-07 18:13:41','2025-08-07 18:13:41'),(839,'2K24','2025-06-05',-2.40,'2025-08-07 18:13:41','2025-08-07 18:13:41'),(840,'2K24','2025-06-06',2.98,'2025-08-07 18:13:41','2025-08-07 18:13:41'),(841,'2K24','2025-06-07',-1.66,'2025-08-07 18:13:41','2025-08-07 18:13:41'),(842,'2K24','2025-06-08',0.22,'2025-08-07 18:13:41','2025-08-07 18:13:41'),(843,'2K24','2025-06-09',1.59,'2025-08-07 18:13:41','2025-08-07 18:13:41'),(844,'2K24','2025-06-10',3.08,'2025-08-07 18:13:41','2025-08-07 18:13:41'),(845,'2K24','2025-06-11',-2.74,'2025-08-07 18:13:41','2025-08-07 18:13:41'),(846,'2K24','2025-06-12',0.78,'2025-08-07 18:13:41','2025-08-07 18:13:41'),(847,'2K24','2025-06-13',2.78,'2025-08-07 18:13:41','2025-08-07 18:13:41'),(848,'2K24','2025-06-14',1.82,'2025-08-07 18:13:41','2025-08-07 18:13:41'),(849,'2K24','2025-06-15',-2.76,'2025-08-07 18:13:41','2025-08-07 18:13:41'),(850,'2K24','2025-06-16',-1.27,'2025-08-07 18:13:41','2025-08-07 18:13:41'),(851,'2K24','2025-06-17',-2.91,'2025-08-07 18:13:41','2025-08-07 18:13:41'),(852,'2K24','2025-06-18',2.78,'2025-08-07 18:13:41','2025-08-07 18:13:41'),(853,'2K24','2025-06-19',0.27,'2025-08-07 18:13:41','2025-08-07 18:13:41'),(854,'2K24','2025-06-20',0.40,'2025-08-07 18:13:41','2025-08-07 18:13:41'),(855,'2K24','2025-06-21',1.40,'2025-08-07 18:13:41','2025-08-07 18:13:41'),(856,'2K24','2025-06-22',1.48,'2025-08-07 18:13:41','2025-08-07 18:13:41'),(857,'2K24','2025-06-23',0.74,'2025-08-07 18:13:41','2025-08-07 18:13:41'),(858,'2K24','2025-06-24',0.13,'2025-08-07 18:13:41','2025-08-07 18:13:41'),(859,'2K24','2025-06-25',3.93,'2025-08-07 18:13:41','2025-08-07 18:13:41'),(860,'2K24','2025-06-26',-0.53,'2025-08-07 18:13:41','2025-08-07 18:13:41'),(861,'2K24','2025-06-27',-1.28,'2025-08-07 18:13:41','2025-08-07 18:13:41'),(862,'2K24','2025-06-28',-2.03,'2025-08-07 18:13:41','2025-08-07 18:13:41'),(863,'2K24','2025-06-29',2.14,'2025-08-07 18:13:41','2025-08-07 18:13:41'),(864,'2K24','2025-06-30',2.79,'2025-08-07 18:13:41','2025-08-07 18:13:41'),(865,'2K24','2025-07-01',0.08,'2025-08-07 18:13:41','2025-08-07 18:13:41'),(866,'2K24','2025-07-02',1.56,'2025-08-07 18:13:41','2025-08-07 18:13:41'),(867,'2K24','2025-07-03',-0.88,'2025-08-07 18:13:41','2025-08-07 18:13:41'),(868,'2K24','2025-07-04',2.25,'2025-08-07 18:13:41','2025-08-07 18:13:41'),(869,'2K24','2025-07-05',-2.32,'2025-08-07 18:13:41','2025-08-07 18:13:41'),(870,'2K24','2025-07-06',2.45,'2025-08-07 18:13:41','2025-08-07 18:13:41'),(871,'2K24','2025-07-07',-2.17,'2025-08-07 18:13:41','2025-08-07 18:13:41'),(872,'2K24','2025-07-08',0.78,'2025-08-07 18:13:41','2025-08-07 18:13:41'),(873,'2K24','2025-07-09',-2.70,'2025-08-07 18:13:41','2025-08-07 18:13:41'),(874,'2K24','2025-07-10',-2.08,'2025-08-07 18:13:41','2025-08-07 18:13:41'),(875,'2K24','2025-07-11',0.89,'2025-08-07 18:13:41','2025-08-07 18:13:41'),(876,'2K24','2025-07-12',-2.75,'2025-08-07 18:13:41','2025-08-07 18:13:41'),(877,'2K24','2025-07-13',2.84,'2025-08-07 18:13:41','2025-08-07 18:13:41'),(878,'2K24','2025-07-14',1.99,'2025-08-07 18:13:41','2025-08-07 18:13:41'),(879,'2K24','2025-07-15',2.36,'2025-08-07 18:13:41','2025-08-07 18:13:41'),(880,'2K24','2025-07-16',2.55,'2025-08-07 18:13:41','2025-08-07 18:13:41'),(881,'2K24','2025-07-17',0.08,'2025-08-07 18:13:41','2025-08-07 18:13:41'),(882,'2K24','2025-07-18',2.83,'2025-08-07 18:13:41','2025-08-07 18:13:41'),(883,'2K24','2025-07-19',-1.45,'2025-08-07 18:13:41','2025-08-07 18:13:41'),(884,'2K24','2025-07-20',-2.04,'2025-08-07 18:13:41','2025-08-07 18:13:41'),(885,'2K24','2025-07-21',0.31,'2025-08-07 18:13:41','2025-08-07 18:13:41'),(886,'2K24','2025-07-22',-2.30,'2025-08-07 18:13:41','2025-08-07 18:13:41'),(887,'2K24','2025-07-23',-1.82,'2025-08-07 18:13:41','2025-08-07 18:13:41'),(888,'2K24','2025-07-24',1.93,'2025-08-07 18:13:41','2025-08-07 18:13:41'),(889,'2K24','2025-07-25',-2.39,'2025-08-07 18:13:41','2025-08-07 18:13:41'),(890,'2K24','2025-07-26',1.25,'2025-08-07 18:13:41','2025-08-07 18:13:41'),(891,'2K24','2025-07-27',3.09,'2025-08-07 18:13:41','2025-08-07 18:13:41'),(892,'2K24','2025-07-28',-1.94,'2025-08-07 18:13:41','2025-08-07 18:13:41'),(893,'2K24','2025-07-29',-0.21,'2025-08-07 18:13:41','2025-08-07 18:13:41'),(894,'2K24','2025-07-30',1.14,'2025-08-07 18:13:41','2025-08-07 18:13:41'),(895,'2K24','2025-07-31',3.08,'2025-08-07 18:13:41','2025-08-07 18:13:41'),(896,'2K24','2025-08-01',1.74,'2025-08-07 18:13:41','2025-08-07 18:13:41'),(897,'2K24','2025-08-02',-0.11,'2025-08-07 18:13:41','2025-08-07 18:13:41'),(898,'2K24','2025-08-03',1.03,'2025-08-07 18:13:41','2025-08-07 18:13:41'),(899,'2K24','2025-08-04',-1.77,'2025-08-07 18:13:41','2025-08-07 18:13:41'),(900,'2K24','2025-08-05',-0.89,'2025-08-07 18:13:41','2025-08-07 18:13:41');
/*!40000 ALTER TABLE `fund_daily_return` ENABLE KEYS */;
UNLOCK TABLES;

--
-- Table structure for table `fund_option`
--

DROP TABLE IF EXISTS `fund_option`;
/*!40101 SET @saved_cs_client     = @@character_set_client */;
/*!50503 SET character_set_client = utf8mb4 */;
CREATE TABLE `fund_option` (
                               `fin_prdt_cd` varchar(50) NOT NULL,
                               `rate_3mon` varchar(10) DEFAULT NULL,
                               `start_date` date DEFAULT NULL,
                               `asset_total` varchar(20) DEFAULT NULL,
                               `total_fee` varchar(10) DEFAULT NULL,
                               `risk_grade` varchar(10) DEFAULT NULL,
                               `fee_first` varchar(10) DEFAULT NULL,
                               `fee_redemp` varchar(10) DEFAULT NULL,
                               `price_std` varchar(20) DEFAULT NULL,
                               PRIMARY KEY (`fin_prdt_cd`),
                               CONSTRAINT `fk_fin_prdt_fund` FOREIGN KEY (`fin_prdt_cd`) REFERENCES `fund` (`fin_prdt_cd`)
) ENGINE=InnoDB DEFAULT CHARSET=utf8mb4 COLLATE=utf8mb4_0900_ai_ci;
/*!40101 SET character_set_client = @saved_cs_client */;

--
-- Dumping data for table `fund_option`
--

LOCK TABLES `fund_option` WRITE;
/*!40000 ALTER TABLE `fund_option` DISABLE KEYS */;
INSERT INTO `fund_option` VALUES ('1A81','1.62','2020-12-30','32200000000','0.95','4','없음','없음','1105.08'),('2A43','7.52','2022-05-30','57800000000','1.10','3','없음','없음','1206.14'),('2F33','11.02','2015-03-25','292900000000','1.35','4','1.00','없음','1547.79'),('2H62','22.13','2020-05-12','100200000000','1.40','5','없음','없음','1567.77'),('2K24','3.88','2021-07-08','89300000000','1.05','3','없음','없음','1183.32'),('2M72','3.21','2017-10-13','53200000000','1.15','2','없음','없음','1202.77'),('2N73','-5.84','2016-11-14','48700000000','1.40','5','없음','없음','891.24'),('2S01','2.12','2018-03-23','74400000000','1.25','3','없음','없음','1154.22'),('32G1','10.05','2019-08-19','69800000000','0.80','4','없음','없음','1398.11'),('33R2','4.37','2020-01-06','65500000000','1.20','3','없음','없음','1230.89');
/*!40000 ALTER TABLE `fund_option` ENABLE KEYS */;
UNLOCK TABLES;

--
-- Table structure for table `gold`
--

DROP TABLE IF EXISTS `gold`;
/*!40101 SET @saved_cs_client     = @@character_set_client */;
/*!50503 SET character_set_client = utf8mb4 */;
CREATE TABLE `gold` (
                        `fin_prdt_cd` varchar(50) NOT NULL,
                        `fin_prdt_category` varchar(2) DEFAULT NULL,
                        `fin_prdt_nm` varchar(50) DEFAULT NULL,
                        `fin_co_no` varchar(20) DEFAULT NULL,
                        `kor_co_nm` varchar(15) DEFAULT NULL,
                        `prdt_feature` varchar(255) DEFAULT NULL,
                        `description` text,
                        `join_way` varchar(50) DEFAULT NULL,
                        `lot` varchar(15) DEFAULT NULL,
                        `currency` varchar(20) DEFAULT NULL,
                        `etc_note` text,
                        `rec_reason` text,
                        `tendency` double DEFAULT NULL,
                        `asset_proportion` double DEFAULT NULL,
                        PRIMARY KEY (`fin_prdt_cd`)
) ENGINE=InnoDB DEFAULT CHARSET=utf8mb4 COLLATE=utf8mb4_0900_ai_ci;
/*!40101 SET character_set_client = @saved_cs_client */;

--
-- Dumping data for table `gold`
--

LOCK TABLES `gold` WRITE;
/*!40000 ALTER TABLE `gold` DISABLE KEYS */;
INSERT INTO `gold` VALUES ('C016622','4','KB골드투자통장','0010927','국민은행','간편가입 금 실물 인수도 없이 자유롭게 금에 투자하는 수시 입출금이 가능한 금융투자상품','금 가격 변동에 따라 수익을 얻을 수 있는 통장으로, 별도의 금 실물 없이 계좌로 금을 사고팔 수 있습니다. 투자 위험이 따를 수 있으며, 자세한 내용은 상품설명서를 참조하세요.','영업점, 인터넷뱅킹, KB스타뱅킹','0.01g','원화(KRW)','제한없음 (단, 비거주자는 인터넷뱅킹으로 신규 불가)\n매매차익에 대한 배당소득으로 15.4% 원천징수, 비과세종합저축 가입 불가','소액 금 투자와 자동 적립 기능으로 안정적인 자산 관리가 가능해 금 보존 가치를 중시하는 시니어에게 적합합니다.',0.32,0.28);
/*!40000 ALTER TABLE `gold` ENABLE KEYS */;
UNLOCK TABLES;

--
-- Table structure for table `mortgage`
--

DROP TABLE IF EXISTS `mortgage`;
/*!40101 SET @saved_cs_client     = @@character_set_client */;
/*!50503 SET character_set_client = utf8mb4 */;
CREATE TABLE `mortgage` (
                            `fin_prdt_cd` varchar(50) NOT NULL,
                            `fin_prdt_category` varchar(2) DEFAULT NULL,
                            `fin_prdt_nm` varchar(50) DEFAULT NULL,
                            `fin_co_no` varchar(20) DEFAULT NULL,
                            `kor_co_nm` varchar(15) DEFAULT NULL,
                            `prdt_feature` varchar(255) DEFAULT NULL,
                            `description` text,
                            `join_way` varchar(50) DEFAULT NULL,
                            `loan_inci_expn` text,
                            `erly_rpay_fee` text,
                            `dly_rate` text,
                            `loan_lmt` varchar(50) DEFAULT NULL,
                            `rec_reason` text,
                            `tendency` double DEFAULT NULL,
                            `asset_proportion` double DEFAULT NULL,
                            PRIMARY KEY (`fin_prdt_cd`)
) ENGINE=InnoDB DEFAULT CHARSET=utf8mb4 COLLATE=utf8mb4_0900_ai_ci;
/*!40101 SET character_set_client = @saved_cs_client */;

--
-- Dumping data for table `mortgage`
--

LOCK TABLES `mortgage` WRITE;
/*!40000 ALTER TABLE `mortgage` DISABLE KEYS */;
INSERT INTO `mortgage` VALUES ('LN013032','3','부동산담보(KB손보희망모기지론)','0010635','주식회사KB손해보험','주주택을 담보로 제공하는 일반 대출 상품','주택을 담보로 대출을 제공하는 상품입니다.','영업점','-인지세 : 해당세액의 50%\n-국민주택채권매입비','-중도상환원금 × 수수료율 × 잔여중도수수료약정기간 ÷ 3년\n※수수료율 : 0.95% (25년적용)','대출금리 + 3%\n(최고 연체이자율 : 19%)','LTV 30%~70%','정기소득이 없어도 부동산 담보를 활용하여 생활자금을 안정적으로 확보할 수 있어, 노후생활비가 필요한 시니어에게 추천',-0.8,-0.7),('LN013037','3','부동산담보(KB손보희망모기지론MI)','0010635','주식회사KB손해보험','주택 구입 자금 또는 기존 대출 상환을 위한 담보대출','주택을 담보로 제공하고 주택 구입 자금 또는 기존 대출 상환 등을 위해 이용할 수 있는 대출 상품입니다.','영업점','-인지세 : 해당세액의 50%\n-국민주택채권매입비','-중도상환원금 × 수수료율 × 잔여중도수수료약정기간 ÷ 3년\n※수수료율 : 0.95% (25년적용)','대출금리 + 3%\n(최고 연체이자율 : 19%)','LTV 30%~70%','보험(MI)을 활용한 보증 구조로 심사 문턱이 낮아, 건강상 이유 등으로 일반 대출이 어려운 시니어 고객에게 적합합니다.',-0.89,-0.87),('LN20000011','3','KB골든라이프 공사주택연금론','0010927','국민은행','종신연금, 종신거주를 보장하는 주택연금 대출','주택을 담보로 종신연금과 종신거주를 보장받는 상품입니다. 대출금 상환 부담이 없으며, 주택 가격을 초과하는 연금을 받을 수도 있습니다. 예상 연금액과 보증료율은 별도로 조회할 수 있습니다.','영업점','인지세 50% 고객 부담, 보증서 발급 비용, 화재보험료(해당 시)','면제(중도상환수수료 없음)','대출금리 + 3.0%, 최고 연체이자율 법정 상한','보증서상의 보증금액 범위 내(최고 10억원)','한국주택금융공사의 보증을 통해 주택을 담보로 생활자금을 마련할 수 있어, 고정소득이 부족한 시니어 고객에게 추천합니다.',0.58,0.69),('LN20000115','3','KB골든라이프 주택연금론','0010927','국민은행','고가 주택 소유자를 위한 은행 자체 주택연금 대출','고가 주택을 소유하고 있지만 생활비가 부족한 고객을 위한 은행 자체 주택연금론입니다.','영업점','인지세 50% 고객 부담, 보증서 발급 비용, 화재보험료(해당 시)','중도상환수수료 0.58% × 잔존일수 ÷ 대출기간 (최초 3년)','대출금리 + 3.0%, 최고 연체이자율 법정 상한','담보조사 가격 및 지역에 따라 최대 10억원 범위','보유 주택에서 거주를 유지하며 매월 연금 형태로 현금을 수령할 수 있어, 안정적인 노후 자금 운용을 원하는 시니어에게 적합합니다.',0.34,0.67),('LN200300000002','3','KB주택담보대출변동(일반자금)','0010927','국민은행','대면가입 금리 선택이 가능한 주택담보대출','혼합금리와 변동금리 중 선택이 가능한 주택담보대출입니다.','영업점','① 인지세 : 해당세액의 50%\n② 국민주택채권 매입 : 대출금액 × 120% × 1% × 채권할인율\n③ 화재보험료 (아파트 외 물건지에 한함)','중도상환금액 × 0.58% × (대출잔여일수 ÷ 3년)','대출금리 + 3.0%\n최고연체이자율:15%','LTV 70%','주택을 담보로 생활비, 의료비, 자녀 지원 등을 위한 유동자금 확보가 가능한 상품입니다. 다양한 자금 수요가 있는 시니어에게 추천합니다.',-0.93,-0.9),('LN200331100045','3','KB스타 아파트담보대출 혼합금리(주택자금)','0010927','국민은행','KB 스타뱅킹 전용 아파트 담보대출','KB 스타뱅킹 전용 아파트 담보대출 상품입니다.','영업점','① 인지세 : 해당세액의 50%\n② 국민주택채권 매입 : 대출금액 × 120% × 1% × 채권할인율\n③ 화재보험료 (아파트 외 물건지에 한함)','중도상환금액 × 0.58% × (대출잔여일수 ÷ 3년)','대출금리 + 3.0%\n최고연체이자율:15%','LTV 70%','혼합금리로 초기 금리 부담을 낮추면서도 일정 금리 고정을 통해 향후 금리 상승 위험에 대비할 수 있어, 안정적 자산 활용을 원하는 시니어에게 추천합니다.',-0.82,-0.93);
/*!40000 ALTER TABLE `mortgage` ENABLE KEYS */;
UNLOCK TABLES;

--
-- Table structure for table `mortgage_option`
--

DROP TABLE IF EXISTS `mortgage_option`;
/*!40101 SET @saved_cs_client     = @@character_set_client */;
/*!50503 SET character_set_client = utf8mb4 */;
CREATE TABLE `mortgage_option` (
                                   `option_cd` int NOT NULL AUTO_INCREMENT,
                                   `fin_prdt_cd` varchar(50) NOT NULL,
                                   `mrtg_type_nm` varchar(10) DEFAULT NULL,
                                   `rpay_type_nm` varchar(20) DEFAULT NULL,
                                   `lend_rate_type_nm` varchar(30) DEFAULT NULL,
                                   `lend_rate_min` double DEFAULT NULL,
                                   `lend_rate_max` double DEFAULT NULL,
                                   `lend_rate_avg` double DEFAULT NULL,
                                   PRIMARY KEY (`option_cd`),
                                   KEY `fk_fin_prdt_mortgage` (`fin_prdt_cd`),
                                   CONSTRAINT `fk_fin_prdt_mortgage` FOREIGN KEY (`fin_prdt_cd`) REFERENCES `mortgage` (`fin_prdt_cd`)
) ENGINE=InnoDB AUTO_INCREMENT=23 DEFAULT CHARSET=utf8mb4 COLLATE=utf8mb4_0900_ai_ci;
/*!40101 SET character_set_client = @saved_cs_client */;

--
-- Dumping data for table `mortgage_option`
--

LOCK TABLES `mortgage_option` WRITE;
/*!40000 ALTER TABLE `mortgage_option` DISABLE KEYS */;
INSERT INTO `mortgage_option` VALUES (12,'LN200300000002','아파트','분할상환방식','변동금리',4.17,5.07,4.57),(13,'LN200300000002','아파트','만기일시상환방식','변동금리',4.3,5.2,4.56),(14,'LN200300000002','아파트외','분할상환방식','변동금리',4.17,5.07,4.6),(15,'LN200300000002','아파트외','만기일시상환방식','변동금리',4.3,5.2,4.5),(16,'LN200331100045','아파트','분할상환방식','고정금리',4.12,4.12,3.51),(17,'LN20000011','주택연금보증서 담보','만기일시상환','변동금리(COFIX 또는 CD기준)',4.1,5.24,4.67),(18,'LN20000115','주택담보','만기일시상환','변동금리(COFIX 또는 CD기준)',2.54,5.24,3.89),(19,'LN013032','아파트','분할상환방식','고정금리',3.76,5.39,4.46),(20,'LN013032','아파트','분할상환방식','변동금리',3.75,5.35,4.35),(21,'LN013037','아파트','분할상환방식','고정금리',4.36,5.79,4.77),(22,'LN013037','아파트','분할상환방식','변동금리',4.35,5.75,4.72);
/*!40000 ALTER TABLE `mortgage_option` ENABLE KEYS */;
UNLOCK TABLES;

--
-- Table structure for table `news`
--

DROP TABLE IF EXISTS `news`;
/*!40101 SET @saved_cs_client     = @@character_set_client */;
/*!50503 SET character_set_client = utf8mb4 */;
CREATE TABLE `news` (
                        `id` bigint NOT NULL AUTO_INCREMENT,
                        `category` int NOT NULL,
                        `title` varchar(255) NOT NULL,
                        `link` text NOT NULL,
                        `date` varchar(50) DEFAULT NULL,
                        `summary` text,
                        `created_at` datetime DEFAULT CURRENT_TIMESTAMP,
                        PRIMARY KEY (`id`)
) ENGINE=InnoDB AUTO_INCREMENT=226 DEFAULT CHARSET=utf8mb4 COLLATE=utf8mb4_0900_ai_ci;
/*!40101 SET character_set_client = @saved_cs_client */;

--
-- Dumping data for table `news`
--

LOCK TABLES `news` WRITE;
/*!40000 ALTER TABLE `news` DISABLE KEYS */;
INSERT INTO `news` VALUES (1,6,'KB국민은행, 비대면 상속 설계 체험 서비스 ‘나만의 상속 노트’ 선보여','https://www.newswire.co.kr/newsRead.php?no=1015971','8월 1일 10:00','KB국민은행(은행장 이환주)은 상속 과정을 직접 체험해 볼 수 있는 비대면 상속 설계 체험 서비스 ‘나만의 상속 노트’를 출시했다. 이번 서비스는 초고령사회로 접어든 국내 환경을 반영해, 시니어 고객의 자산 이전 및 상속 준비 니즈를 고려한 맞춤형 상속 설계 체...','2025-08-14 17:17:40'),(2,5,'KB국민은행, 2025년 1분기 펀드 판매 규모 은행권 1위 달성','https://www.newswire.co.kr/newsRead.php?no=1012148','5월 29일 11:53','KB국민은행(은행장 이환주)은 전체 은행권에서 펀드 판매 규모 1위를 달성했다고 밝혔다. 2025년 1분기 말 기준 금융투자협회 자본시장 통계 자료에 따르면, KB국민은행의 전체 펀드 판매 잔액은 총 20조1826억원을 기록했다. 이는 은행권 중 가장 큰 규모이며, KB국...','2025-08-14 17:17:40'),(3,3,'KB국민은행, 소상공인 정책자금대출 비대면 서비스 오픈','https://www.newswire.co.kr/newsRead.php?no=1009384','4월 15일 09:13','KB국민은행(은행장 이환주)은 15일 소상공인의 금융 부담 완화와 편의성 증진을 위해 소상공인시장진흥공단과 연계해 ‘소상공인 정책자금대출’ 비대면 서비스를 출시한다. 이번 서비스는 지난 1월 KB국민은행과 소상공인시장진흥공단이 체결한 업무협약에 따라 마련...','2025-08-14 17:17:40'),(4,2,'KB국민은행, 개인사업자 대상 ‘KB사장님+적금’ 출시','https://www.newswire.co.kr/newsRead.php?no=1010952','5월 12일 14:11','KB국민은행(은행장 이환주)은 12일 소상공인의 금융 혜택을 확대하기 위해 ‘KB사장님+적금’을 출시했다. ‘KB사장님+적금’은 목돈 마련을 지원하기 위한 개인사업자 전용 상품으로, KB국민은행 계좌로 △카드 가맹 대금 △배달 플랫폼 △온라인 마켓 등 매출정산금을 입...','2025-08-14 17:17:40'),(5,1,'KB국민은행, 원금 보장과 추가 수익을 동시에 ‘KB Star 지수연동예금 25-3호’ 출시','https://www.newswire.co.kr/newsRead.php?no=1015469','7월 23일 16:03','KB국민은행(은행장 이환주)이 만기까지 유지 시 원금을 보장하면서도 기초자산의 변동에 따라 추가적인 수익률을 기대할 수 있는 ‘KB Star 지수연동예금 25-3호’를 출시했다. 이번에 출시된 ‘KB Star 지수연동예금 25-3호’는 KOSPI 200지수를 기초자산으로 하는 1년 ...','2025-08-14 17:17:40'),(6,0,'KB국민은행 ‘KB골든라이프 증여플랜신탁’ 출시','https://www.newswire.co.kr/newsRead.php?no=1016737','7월 31일 13:52','KB국민은행(은행장 이환주)은 자산 증여와 증여세 신고까지 한 번에 관리할 수 있는 ‘KB골든라이프 증여플랜신탁’을 출시했다. ‘KB골든라이프 증여플랜신탁’은 고객이 자녀 및 손자녀에게 증여할 자금을 사전에 지정한 방식으로 지급할 수 있도록 설계된 맞춤형 상품...','2025-08-14 17:24:20'),(211,0,'KB국민은행, 키움증권과 손잡고 ‘외화 현찰 지급서비스’ 선보여','https://www.newswire.co.kr/newsRead.php?no=1016737','13:16','KB국민은행(은행장 이환주)은 지난달 7일 키움증권(대표이사 엄주성)과 외환 비즈니스 협력을 위한 업무협약 체결에 이어 은행·증권사 최초로 ‘외화 현찰 지급서비스’를 13일 출시했다. 이번 서비스를 통해 고객은 키움증권에 보유하고 있는 외화를 인출 신청하면 KB...','2025-08-14 17:24:30'),(212,0,'KB국민인증서, 이용 고객 수 1700만 명 돌파… 국내 디지털 인증시장 선도','https://www.newswire.co.kr/newsRead.php?no=1016624','8월 13일 10:28','KB국민은행(은행장 이환주)의 ‘KB국민인증서’가 2021년 10월 전자서명 라이선스를 취득한 이후 약 4년 만에 이용 고객 수 1700만 명을 넘어섰다. KB국민인증서는 본인 명의 스마트기기와 신분증만 있으면 영업점 방문 없이 즉시 발급할 수 있는 금융권 대표 인증서다...','2025-08-14 17:24:30'),(213,0,'KB국민은행, 퇴직연금 ‘AI 투자 일임서비스’ 오픈','https://www.newswire.co.kr/newsRead.php?no=1016146','8월 5일 10:11','KB국민은행(은행장 이환주)은 퇴직연금 고객의 수익률 제고와 운용 편의성 향상을 위한 퇴직연금 ‘AI투자일임서비스’를 새롭게 선보였다. 이번 서비스는 투자일임사인 핀테크 전문기업 디셈버앤컴퍼니(핀트)와의 제휴를 통해 고객의 투자 성향과 시장 상황에 맞춰 로...','2025-08-14 17:24:30'),(214,0,'KB국민은행, 비대면 상속 설계 체험 서비스 ‘나만의 상속 노트’ 선보여','https://www.newswire.co.kr/newsRead.php?no=1015971','8월 1일 10:00','KB국민은행(은행장 이환주)은 상속 과정을 직접 체험해 볼 수 있는 비대면 상속 설계 체험 서비스 ‘나만의 상속 노트’를 출시했다. 이번 서비스는 초고령사회로 접어든 국내 환경을 반영해, 시니어 고객의 자산 이전 및 상속 준비 니즈를 고려한 맞춤형 상속 설계 체...','2025-08-14 17:24:30'),(215,0,'KB국민은행 ‘KB골든라이프 증여플랜신탁’ 출시','https://www.newswire.co.kr/newsRead.php?no=1015922','7월 31일 13:52','KB국민은행(은행장 이환주)은 자산 증여와 증여세 신고까지 한 번에 관리할 수 있는 ‘KB골든라이프 증여플랜신탁’을 출시했다. ‘KB골든라이프 증여플랜신탁’은 고객이 자녀 및 손자녀에게 증여할 자금을 사전에 지정한 방식으로 지급할 수 있도록 설계된 맞춤형 상품...','2025-08-14 17:24:30'),(216,0,'KB국민은행, 키움증권과 손잡고 ‘외화 현찰 지급서비스’ 선보여','https://www.newswire.co.kr/newsRead.php?no=1016737','13:16','KB국민은행(은행장 이환주)은 지난달 7일 키움증권(대표이사 엄주성)과 외환 비즈니스 협력을 위한 업무협약 체결에 이어 은행·증권사 최초로 ‘외화 현찰 지급서비스’를 13일 출시했다. 이번 서비스를 통해 고객은 키움증권에 보유하고 있는 외화를 인출 신청하면 KB...','2025-08-14 17:24:40'),(217,0,'KB국민인증서, 이용 고객 수 1700만 명 돌파… 국내 디지털 인증시장 선도','https://www.newswire.co.kr/newsRead.php?no=1016624','8월 13일 10:28','KB국민은행(은행장 이환주)의 ‘KB국민인증서’가 2021년 10월 전자서명 라이선스를 취득한 이후 약 4년 만에 이용 고객 수 1700만 명을 넘어섰다. KB국민인증서는 본인 명의 스마트기기와 신분증만 있으면 영업점 방문 없이 즉시 발급할 수 있는 금융권 대표 인증서다...','2025-08-14 17:24:40'),(218,0,'KB국민은행, 퇴직연금 ‘AI 투자 일임서비스’ 오픈','https://www.newswire.co.kr/newsRead.php?no=1016146','8월 5일 10:11','KB국민은행(은행장 이환주)은 퇴직연금 고객의 수익률 제고와 운용 편의성 향상을 위한 퇴직연금 ‘AI투자일임서비스’를 새롭게 선보였다. 이번 서비스는 투자일임사인 핀테크 전문기업 디셈버앤컴퍼니(핀트)와의 제휴를 통해 고객의 투자 성향과 시장 상황에 맞춰 로...','2025-08-14 17:24:40'),(219,0,'KB국민은행, 비대면 상속 설계 체험 서비스 ‘나만의 상속 노트’ 선보여','https://www.newswire.co.kr/newsRead.php?no=1015971','8월 1일 10:00','KB국민은행(은행장 이환주)은 상속 과정을 직접 체험해 볼 수 있는 비대면 상속 설계 체험 서비스 ‘나만의 상속 노트’를 출시했다. 이번 서비스는 초고령사회로 접어든 국내 환경을 반영해, 시니어 고객의 자산 이전 및 상속 준비 니즈를 고려한 맞춤형 상속 설계 체...','2025-08-14 17:24:40'),(220,0,'KB국민은행 ‘KB골든라이프 증여플랜신탁’ 출시','https://www.newswire.co.kr/newsRead.php?no=1015922','7월 31일 13:52','KB국민은행(은행장 이환주)은 자산 증여와 증여세 신고까지 한 번에 관리할 수 있는 ‘KB골든라이프 증여플랜신탁’을 출시했다. ‘KB골든라이프 증여플랜신탁’은 고객이 자녀 및 손자녀에게 증여할 자금을 사전에 지정한 방식으로 지급할 수 있도록 설계된 맞춤형 상품...','2025-08-14 17:24:40'),(221,0,'KB국민은행, 키움증권과 손잡고 ‘외화 현찰 지급서비스’ 선보여','https://www.newswire.co.kr/newsRead.php?no=1016737','13:16','KB국민은행(은행장 이환주)은 지난달 7일 키움증권(대표이사 엄주성)과 외환 비즈니스 협력을 위한 업무협약 체결에 이어 은행·증권사 최초로 ‘외화 현찰 지급서비스’를 13일 출시했다. 이번 서비스를 통해 고객은 키움증권에 보유하고 있는 외화를 인출 신청하면 KB...','2025-08-14 17:24:50'),(222,0,'KB국민인증서, 이용 고객 수 1700만 명 돌파… 국내 디지털 인증시장 선도','https://www.newswire.co.kr/newsRead.php?no=1016624','8월 13일 10:28','KB국민은행(은행장 이환주)의 ‘KB국민인증서’가 2021년 10월 전자서명 라이선스를 취득한 이후 약 4년 만에 이용 고객 수 1700만 명을 넘어섰다. KB국민인증서는 본인 명의 스마트기기와 신분증만 있으면 영업점 방문 없이 즉시 발급할 수 있는 금융권 대표 인증서다...','2025-08-14 17:24:50'),(223,0,'KB국민은행, 퇴직연금 ‘AI 투자 일임서비스’ 오픈','https://www.newswire.co.kr/newsRead.php?no=1016146','8월 5일 10:11','KB국민은행(은행장 이환주)은 퇴직연금 고객의 수익률 제고와 운용 편의성 향상을 위한 퇴직연금 ‘AI투자일임서비스’를 새롭게 선보였다. 이번 서비스는 투자일임사인 핀테크 전문기업 디셈버앤컴퍼니(핀트)와의 제휴를 통해 고객의 투자 성향과 시장 상황에 맞춰 로...','2025-08-14 17:24:50'),(224,0,'KB국민은행, 비대면 상속 설계 체험 서비스 ‘나만의 상속 노트’ 선보여','https://www.newswire.co.kr/newsRead.php?no=1015971','8월 1일 10:00','KB국민은행(은행장 이환주)은 상속 과정을 직접 체험해 볼 수 있는 비대면 상속 설계 체험 서비스 ‘나만의 상속 노트’를 출시했다. 이번 서비스는 초고령사회로 접어든 국내 환경을 반영해, 시니어 고객의 자산 이전 및 상속 준비 니즈를 고려한 맞춤형 상속 설계 체...','2025-08-14 17:24:50'),(225,0,'KB국민은행 ‘KB골든라이프 증여플랜신탁’ 출시','https://www.newswire.co.kr/newsRead.php?no=1015922','7월 31일 13:52','KB국민은행(은행장 이환주)은 자산 증여와 증여세 신고까지 한 번에 관리할 수 있는 ‘KB골든라이프 증여플랜신탁’을 출시했다. ‘KB골든라이프 증여플랜신탁’은 고객이 자녀 및 손자녀에게 증여할 자금을 사전에 지정한 방식으로 지급할 수 있도록 설계된 맞춤형 상품...','2025-08-14 17:24:50');
/*!40000 ALTER TABLE `news` ENABLE KEYS */;
UNLOCK TABLES;

--
-- Table structure for table `product_click_log`
--

DROP TABLE IF EXISTS `product_click_log`;
/*!40101 SET @saved_cs_client     = @@character_set_client */;
/*!50503 SET character_set_client = utf8mb4 */;
CREATE TABLE `product_click_log` (
                                     `id` bigint NOT NULL AUTO_INCREMENT,
                                     `fin_prdt_cd` varchar(50) NOT NULL,
                                     `email` varchar(100) NOT NULL,
                                     `triggered_by` varchar(100) DEFAULT 'booking-api',
                                     `created_at` timestamp NULL DEFAULT CURRENT_TIMESTAMP,
                                     PRIMARY KEY (`id`),
                                     KEY `idx_fin_prdt_cd` (`fin_prdt_cd`),
                                     KEY `idx_created_at` (`created_at`)
) ENGINE=InnoDB AUTO_INCREMENT=20 DEFAULT CHARSET=utf8mb4 COLLATE=utf8mb4_0900_ai_ci;
/*!40101 SET character_set_client = @saved_cs_client */;

--
-- Dumping data for table `product_click_log`
--

LOCK TABLES `product_click_log` WRITE;
/*!40000 ALTER TABLE `product_click_log` DISABLE KEYS */;
/*!40000 ALTER TABLE `product_click_log` ENABLE KEYS */;
UNLOCK TABLES;

--
-- Table structure for table `quiz`
--

DROP TABLE IF EXISTS `quiz`;
/*!40101 SET @saved_cs_client     = @@character_set_client */;
/*!50503 SET character_set_client = utf8mb4 */;
CREATE TABLE `quiz` (
                        `id` varchar(10) NOT NULL,
                        `question` text NOT NULL,
                        `choices` text NOT NULL,
                        `answer` int NOT NULL,
                        `explanation` text NOT NULL,
                        PRIMARY KEY (`id`)
) ENGINE=InnoDB DEFAULT CHARSET=utf8mb4 COLLATE=utf8mb4_0900_ai_ci;
/*!40101 SET character_set_client = @saved_cs_client */;

--
-- Dumping data for table `quiz`
--

LOCK TABLES `quiz` WRITE;
/*!40000 ALTER TABLE `quiz` DISABLE KEYS */;
INSERT INTO `quiz` VALUES ('q1','예금자보호법에 따라 1인당 보호되는 예금액은?','[\"3천만원\", \"5천만원\", \"1억원\", \"무제한\"]',1,'예금자보호법에 따라 1인당 최대 5천만원까지 보호됩니다.'),('q10','ISA 계좌의 세제혜택은?','[\"전액 비과세\", \"200만원까지 비과세\", \"이자소득만 비과세\", \"배당소득만 비과세\"]',1,'ISA는 연간 200만원(서민형 400만원)까지 운용수익에 대해 비과세 혜택을 제공합니다.'),('q100','파산 및 회생 신청 시 신용정보는?','[\"오히려 상승\", \"삭제됨\", \"일시적으로 하락\", \"금융사기에 해당\"]',2,'파산 또는 회생은 신용점수에 부정적 영향을 미치며, 일정 기간 기록으로 남습니다.'),('q11','신용점수 하락의 주요 원인은?','[\"자산 부족\", \"대출 연체\", \"보험 미가입\", \"예금 부족\"]',1,'신용점수는 금융기관과의 거래 신뢰도를 반영하므로, 대출 연체가 가장 큰 악영향을 미칩니다.'),('q12','ETF(상장지수펀드)의 특징은?','[\"은행 예금상품\", \"직접 부동산 투자\", \"지수 추종 펀드\", \"개별 주식\"]',2,'ETF는 특정 주가지수를 추종하도록 설계된 펀드로, 주식처럼 거래됩니다.'),('q13','주택청약종합저축의 주요 혜택은?','[\"세금 환급\", \"전세자금 대출 보장\", \"청약 가점 제공\", \"금리 우대\"]',2,'주택청약종합저축은 무주택자의 청약 가점에 반영되는 유일한 상품입니다.'),('q14','비상금 대출의 일반적인 특징은?','[\"고금리\", \"무보증 소액 대출\", \"장기 대출\", \"담보 요구\"]',1,'비상금 대출은 주로 모바일로 신청하는 소액 신용대출로, 보증이나 담보 없이 받을 수 있습니다.'),('q15','소득공제와 세액공제의 차이는?','[\"둘 다 세금 환급 불가\", \"소득공제가 더 큰 환급 효과\", \"소득공제는 과세표준 감소, 세액공제는 산출세액 감소\", \"차이가 없음\"]',2,'소득공제는 과세표준을 줄이고, 세액공제는 세금 자체를 줄이는 방식으로 차이가 있습니다.'),('q16','신용카드 사용 시 세금공제를 받으려면?','[\"현금만 사용\", \"무조건 공제 가능\", \"연말정산 시 사용내역 제출\", \"카드사에 별도 신청\"]',2,'신용카드 사용액은 연말정산 시 일정 조건 하에 소득공제 대상이 됩니다.'),('q17','연금저축계좌의 주요 장점은?','[\"비과세 이자소득\", \"중도 인출 가능\", \"세액공제 혜택\", \"단기 수익 추구\"]',2,'연금저축계좌에 납입한 금액은 연간 최대 400만원까지 세액공제 혜택을 받을 수 있습니다.'),('q18','금리에 영향을 주는 주요 정책은?','[\"재건축 규제\", \"금융소득종합과세\", \"기준금리 조정\", \"부동산 보유세 인상\"]',2,'기준금리는 중앙은행이 정하며, 시중 금리에 직접적인 영향을 줍니다.'),('q19','채권에 투자하면 얻을 수 있는 수익은?','[\"배당금\", \"이자 수익\", \"시세차익만\", \"부동산 임대료\"]',1,'채권은 일정한 이자를 지급하는 금융상품입니다.'),('q2','LTV 70%의 의미는?','[\"소득의 70%까지 대출 가능\", \"주택가격의 70%까지 대출 가능\", \"이자율 7.0%\", \"대출기간 70개월\"]',1,'LTV(Loan to Value)는 담보가치 대비 대출비율로, 주택가격의 70%까지 대출받을 수 있다는 의미입니다.'),('q20','금융상품 가입 전 가장 중요한 점은?','[\"광고 문구 확인\", \"지인의 추천\", \"자산현황 분석 및 상품 비교\", \"가입자 수 확인\"]',2,'자신의 재무 상황을 분석하고 다양한 상품을 비교한 후 가입하는 것이 바람직합니다.'),('q21','연체이자가 발생하는 기준은?','[\"상환일 하루 전\", \"상환일 당일\", \"상환일 다음 날부터\", \"연체 통지 후\"]',2,'연체이자는 약정된 상환일 다음 날부터 발생합니다.'),('q22','펀드의 기준가란?','[\"설정일 가격\", \"현재 시장 가격\", \"1좌당 순자산가치\", \"펀드 가입 금액\"]',2,'펀드의 기준가는 1좌(펀드 단위)당 순자산가치를 의미합니다.'),('q23','마이너스 통장의 주요 특징은?','[\"이자 없음\", \"정기 예금\", \"신용 한도 대출\", \"상환 의무 없음\"]',2,'마이너스 통장은 한도 내에서 자유롭게 인출 가능한 신용대출입니다.'),('q24','카드론과 현금서비스의 차이는?','[\"모두 무이자\", \"카드론은 장기대출, 현금서비스는 단기대출\", \"카드론이 더 고금리\", \"현금서비스는 신용조회 없음\"]',1,'카드론은 장기대출, 현금서비스는 단기자금 대출로 금리나 상환 조건이 다릅니다.'),('q25','금융사기 예방을 위한 가장 효과적인 방법은?','[\"비밀번호 자주 공유\", \"SNS에 금융정보 공유\", \"출처 불명 링크 클릭\", \"본인 확인 및 의심 연락 즉시 차단\"]',3,'의심스러운 연락은 무시하고, 금융기관 공식 채널만 이용하는 것이 안전합니다.'),('q26','신용점수에 영향을 주지 않는 요소는?','[\"통신요금 납부내역\", \"카드사용 내역\", \"예금 잔고\", \"연체 이력\"]',2,'예금 잔고 자체는 신용점수에 직접 영향을 주지 않습니다.'),('q27','ELS(주가연계증권)의 주요 리스크는?','[\"이자 수익 불가\", \"원금 보장\", \"기초자산 하락 시 손실\", \"매월 수익 지급\"]',2,'ELS는 기초자산이 일정 조건을 벗어나면 원금 손실 가능성이 있습니다.'),('q28','부동산 담보대출에서 \"중도상환수수료\"란?','[\"대출 연장 수수료\", \"대출 신청 수수료\", \"대출 조기 상환 시 부과 비용\", \"등기 비용\"]',2,'대출 약정기간 내에 조기 상환할 경우 금융사는 손해를 보전하기 위해 수수료를 부과합니다.'),('q29','IRP(개인형 퇴직연금)의 세제 혜택은?','[\"세금 면제\", \"이자소득 비과세\", \"연 최대 700만원 세액공제\", \"전액 환급\"]',2,'IRP는 연금저축과 합산하여 연 최대 700만원까지 세액공제가 가능합니다.'),('q3','복리효과가 가장 큰 투자 방법은?','[\"단기 고수익 투자\", \"장기 분산 투자\", \"일시불 투자\", \"레버리지 투자\"]',1,'복리효과는 시간이 지날수록 기하급수적으로 증가하므로 장기 분산 투자가 가장 효과적입니다.'),('q30','재무 3대 목표 중 하나가 아닌 것은?','[\"안정성\", \"유동성\", \"투기성\", \"수익성\"]',2,'재무관리에서 추구하는 3대 목표는 안정성, 수익성, 유동성입니다.'),('q31','금리 상승기의 일반적인 자산 전략은?','[\"채권 투자 확대\", \"고정금리 대출 선택\", \"저축 감소\", \"주택담보대출 증가\"]',1,'금리 상승 시 변동금리보다 고정금리가 유리할 수 있고, 채권보다는 현금성 자산이 선호됩니다.'),('q32','가계부 작성의 가장 큰 장점은?','[\"카드 혜택 증가\", \"신용점수 상승\", \"소비 통제 및 재무 목표 수립\", \"대출 이자 감소\"]',2,'가계부는 지출을 시각화해 재무 목표를 달성하는 데 큰 도움을 줍니다.'),('q33','자동이체로 관리할 수 있는 금융은?','[\"보험료\", \"적금\", \"공과금\", \"모두 해당\"]',3,'자동이체는 다양한 지출 항목의 관리 효율성을 높이는 방법입니다.'),('q34','퇴직연금 수령 시 가장 유리한 방식은?','[\"일시금 수령\", \"연금 수령\", \"현금 인출\", \"투자 상품 교환\"]',1,'퇴직연금을 연금으로 수령하면 세금 혜택을 받을 수 있습니다.'),('q35','가상자산(코인)은 어떤 자산에 해당하는가?','[\"현금성 자산\", \"부채\", \"투자자산\", \"보험자산\"]',2,'가상자산은 높은 변동성을 가진 투자자산으로 분류됩니다.'),('q36','목돈 마련을 위한 대표적인 방법은?','[\"자동차 할부\", \"단기 투자\", \"적금 및 정기예금\", \"신용카드 사용\"]',2,'적금이나 정기예금은 목돈 마련에 적합한 안정적인 금융상품입니다.'),('q37','변동금리 대출의 리스크는?','[\"원금 미반환\", \"금리 상승 시 이자 부담 증가\", \"상환 불이행 면제\", \"대출금 자동 감면\"]',1,'변동금리 대출은 시장금리 변동에 따라 이자 부담이 달라집니다.'),('q38','국민연금 수령 개시 나이는?','[\"55세\", \"60세\", \"62~65세\", \"70세\"]',2,'출생연도에 따라 국민연금 수령 나이는 62세에서 65세로 점차 상향되고 있습니다.'),('q39','신용카드 할부 이용 시 이점은?','[\"이자 부담 없음\", \"신용점수 상승\", \"소비 통제\", \"목돈 없이 구매 가능\"]',3,'할부는 일시불이 어려운 경우 유용하지만, 이자와 신용등급에 유의해야 합니다.'),('q4','실손의료보험의 주요 특징은?','[\"정액 보장\", \"실제 의료비 보상\", \"사망 보장\", \"만기 환급형\"]',1,'실손의료보험은 실제 발생한 의료비를 보상하는 보험입니다.'),('q40','세테크에서 \"비과세 상품\"이란?','[\"세금이 줄어드는 상품\", \"이자에 세금이 붙지 않는 상품\", \"소득세가 높아지는 상품\", \"세금을 이연하는 상품\"]',1,'비과세 상품은 이자나 배당소득에 대해 세금이 부과되지 않는 금융상품입니다.'),('q41','카카오뱅크와 같은 인터넷전문은행의 장점은?','[\"지점 방문 필요\", \"고금리 예금 없음\", \"모바일 중심 편의성\", \"수수료가 비쌈\"]',2,'인터넷전문은행은 모바일 기반으로 운영되어 간편하고, 수수료 혜택이 많습니다.'),('q42','신용카드 연체 시 가장 먼저 영향을 받는 것은?','[\"보험료\", \"주식 계좌\", \"신용점수\", \"예금 이자\"]',2,'연체는 신용점수에 가장 먼저 악영향을 미치며, 금융 거래에 제약을 줄 수 있습니다.'),('q43','대출 심사에서 중요한 요소는?','[\"성별\", \"소득 및 신용도\", \"SNS 활동량\", \"가족 수\"]',1,'대출 심사에는 개인의 상환능력(소득, 신용 등)이 핵심 기준입니다.'),('q44','적금과 예금의 차이는?','[\"모두 동일\", \"적금은 매월 납입, 예금은 일시납\", \"적금이 더 고금리\", \"예금은 이자 없음\"]',1,'적금은 매월 불입하는 방식, 예금은 한 번에 목돈을 예치하는 방식입니다.'),('q45','보이스피싱에 대응하는 올바른 방법은?','[\"전화로 계좌 이체\", \"앱 설치 요구 수락\", \"금융기관 직접 문의\", \"모바일 인증 넘김\"]',2,'금융기관이나 경찰을 통해 사실 여부를 확인하는 것이 가장 안전합니다.'),('q46','증권사 MTS의 주된 기능은?','[\"대출 심사\", \"자동차 보험 가입\", \"모바일 주식 거래\", \"신용점수 조회\"]',2,'MTS(Mobile Trading System)는 모바일에서 주식 매매를 가능하게 합니다.'),('q47','금리가 0.5%에서 1.5%로 상승하면, 가장 영향을 받는 상품은?','[\"고정금리 대출\", \"변동금리 대출\", \"비과세 예금\", \"현금\"]',1,'금리가 상승하면 변동금리 대출의 이자도 함께 올라갑니다.'),('q48','소득이 없는 대학생이 할 수 있는 재테크 방법은?','[\"신용대출\", \"가상화폐 투자\", \"소액 적금\", \"자동차 할부 구매\"]',2,'소득이 없는 경우 리스크를 최소화하고 습관을 기르기 위해 소액 적금이 적합합니다.'),('q49','미국 기준금리 인상의 국내 영향은?','[\"국내 금리 하락\", \"환율 하락\", \"국내 금리 상승 압박\", \"소득세 감소\"]',2,'미국 금리 인상은 자본 유출 우려로 국내 금리도 동반 상승할 수 있습니다.'),('q5','금융소득종합과세 기준금액은?','[\"200만원\", \"2,000만원\", \"5,000만원\", \"1억원\"]',1,'이자·배당소득이 연간 2,000만원을 초과하면 종합소득으로 합산하여 과세됩니다.'),('q50','P2P 금융의 위험 요소는?','[\"고정 이자율\", \"원금 보장\", \"부실 대출 발생 가능성\", \"은행 예금자 보호\"]',2,'P2P 금융은 투자자 보호 장치가 약해 부실 대출 리스크가 큽니다.'),('q51','투자 수익률 계산 시 사용하는 공식은?','[\"총자산 ÷ 총부채\", \"(수익 - 원금) ÷ 원금 × 100\", \"총수익 × 세율\", \"원금 ÷ 기간\"]',1,'수익률은 (수익 - 원금) ÷ 원금 × 100으로 계산합니다.'),('q52','금융소비자보호법의 핵심 원칙이 아닌 것은?','[\"적합성 원칙\", \"설명의무 원칙\", \"정보비공개 원칙\", \"부당권유 금지\"]',2,'금융소비자보호법은 소비자의 권익 보호를 위해 정보공개를 강화하고 있습니다.'),('q53','채권 만기 이전에 매도할 경우 발생할 수 있는 리스크는?','[\"이자 미지급\", \"세금 증가\", \"시세차익 손실\", \"복리 이자 없음\"]',2,'채권은 만기 전 매도 시 시장 금리에 따라 손실이 발생할 수 있습니다.'),('q54','달러를 예치할 수 있는 금융 상품은?','[\"외화예금\", \"CMA\", \"연금저축\", \"ISA\"]',0,'외화예금은 달러 등 외국통화로 예치할 수 있는 상품입니다.'),('q55','부채비율이 높다는 의미는?','[\"자산이 많다\", \"수익성이 높다\", \"재무건전성이 낮다\", \"유동성이 높다\"]',2,'부채비율이 높을수록 외부 자본 의존도가 크고, 재무 건전성이 낮을 수 있습니다.'),('q56','ESG 투자에서 \"S\"는 무엇을 의미하나요?','[\"Social\", \"Saving\", \"Security\", \"Supply\"]',0,'ESG는 Environmental, Social, Governance의 약자이며, S는 사회적 책임을 의미합니다.'),('q57','부동산 실거래가 확인 방법은?','[\"부동산 카페\", \"지인 문의\", \"국토교통부 실거래가 공개시스템\", \"중개업소 광고\"]',2,'국토교통부 실거래가 공개시스템을 통해 정확한 거래가격을 확인할 수 있습니다.'),('q58','CPI는 어떤 지표인가요?','[\"주식시장 변동률\", \"실업률\", \"소비자물가지수\", \"국가부채 비율\"]',2,'CPI는 소비자물가지수로, 물가 상승률을 파악하는 데 사용됩니다.'),('q59','직장인의 3대 재무 목표로 보기 어려운 것은?','[\"긴급자금 마련\", \"주택 마련\", \"조기 은퇴\", \"로또 당첨\"]',3,'재무 목표는 현실적이고 계획 가능한 항목이어야 합니다.'),('q6','CMA의 특징으로 옳은 것은?','[\"예금자보호 대상\", \"높은 유동성과 수익성\", \"원금 보장\", \"세금 면제\"]',1,'CMA는 현금관리계좌로 높은 유동성과 상대적으로 높은 수익성을 제공합니다.'),('q60','MMF의 주요 특징은?','[\"주식 중심 투자\", \"고정금리\", \"단기 금융상품에 투자\", \"원금 손실 불가\"]',2,'MMF는 단기 채권 등에 투자해 유동성과 수익성을 확보한 상품입니다.'),('q61','적립식 펀드의 장점은?','[\"수수료 없음\", \"시장 타이밍 필요\", \"분산 투자 효과\", \"원금 보장\"]',2,'정기적으로 일정 금액을 투자해 리스크 분산 효과를 기대할 수 있습니다.'),('q62','가상자산 거래 시 주의해야 할 점은?','[\"높은 예금자 보호\", \"법적 보호 명확성\", \"변동성 위험\", \"국가 보장 수익\"]',2,'가상자산은 큰 가격 변동성이 있어 투자자 주의가 필요합니다.'),('q63','주택담보대출 LTV가 낮다는 의미는?','[\"대출 가능 금액이 적다\", \"대출이 더 많다\", \"이자율이 높다\", \"신용도가 낮다\"]',0,'LTV가 낮을수록 담보가치 대비 대출 비율이 낮다는 의미입니다.'),('q64','금융기관의 대표적인 안정성 지표는?','[\"예대율\", \"고객 수\", \"매출액\", \"점포 수\"]',0,'예대율(예금 대비 대출 비율)은 금융기관의 유동성과 건전성을 나타내는 지표입니다.'),('q65','금융 거래 시 가장 중요한 보안수칙은?','[\"비밀번호 메모\", \"공유 와이파이 사용\", \"이중 인증 사용\", \"타인에게 인증번호 전달\"]',2,'이중 인증은 금융 거래 보안 강화를 위한 필수 수단입니다.'),('q66','투자 성향이 \"공격형\"인 경우 선호하는 상품은?','[\"예금\", \"채권\", \"주식 및 ETF\", \"정기적금\"]',2,'공격형 투자자는 높은 수익률을 기대하며 주식 등 고위험 상품을 선호합니다.'),('q67','환율이 상승하면 수출 기업에는?','[\"불리하다\", \"유리하다\", \"무관하다\", \"세금 증가\"]',1,'환율이 오르면 해외 판매 시 수익이 증가하여 수출 기업에 유리합니다.'),('q68','금융정보 조회는 어디에서 가능할까?','[\"국세청 홈택스\", \"마이데이터 플랫폼\", \"포털 검색\", \"카카오톡\"]',1,'마이데이터 서비스를 이용하면 여러 금융기관의 정보 조회가 통합 가능합니다.'),('q69','사회초년생 재무 목표로 적절한 것은?','[\"고위험 자산 투자\", \"신용대출 최대한 활용\", \"긴급자금 마련\", \"전세 자금 대출 연체\"]',2,'사회초년생은 비상 상황을 대비한 긴급자금 마련이 우선입니다.'),('q7','분산투자의 주요 목적은?','[\"수익 극대화\", \"위험 분산\", \"세금 절약\", \"유동성 확보\"]',1,'분산투자는 여러 자산에 투자하여 위험을 분산시키는 것이 주요 목적입니다.'),('q70','TDF(타깃데이트펀드)의 특징은?','[\"정해진 만기 없음\", \"자산 배분 자동 조정\", \"고정 금리\", \"부동산 중심 투자\"]',1,'TDF는 은퇴 시점에 맞춰 자산을 점진적으로 안정적인 쪽으로 재배분합니다.'),('q71','신용정보를 조회하면 신용점수가 떨어질까?','[\"항상 떨어짐\", \"본인 조회는 영향 없음\", \"조회할수록 점수 상승\", \"불법 행위임\"]',1,'본인이 직접 조회하는 것은 신용점수에 영향을 주지 않습니다.'),('q72','연금저축 해지 시 발생하는 불이익은?','[\"수익 증가\", \"세액공제 환수 및 기타소득세 부과\", \"세금 없음\", \"이자 두 배 지급\"]',1,'중도 해지 시 그동안의 세액공제를 환수당하고, 기타소득세가 부과됩니다.'),('q73','파킹통장의 특징은?','[\"수수료 높음\", \"높은 금리와 자유로운 입출금\", \"장기 예치 필수\", \"신용카드와 연동\"]',1,'파킹통장은 자금을 자유롭게 넣고 뺄 수 있으면서도 비교적 높은 금리를 제공합니다.'),('q74','N잡러의 재무 설계에서 중요한 요소는?','[\"소득분산, 지출통제, 세무관리\", \"대출 확대\", \"주식 올인\", \"퇴직금 미신고\"]',0,'N잡러는 불규칙한 소득구조를 고려해 유동성 확보와 세금 신고가 중요합니다.'),('q75','AI 기반 로보어드바이저의 기능은?','[\"금융사기 예방\", \"자산배분 및 투자 포트폴리오 추천\", \"은행 앱 디자인\", \"신용조회 제한\"]',1,'로보어드바이저는 알고리즘을 통해 자동으로 자산 배분과 투자 전략을 제안합니다.'),('q76','대출 상환 방식 중 \"원리금균등상환\"의 의미는?','[\"이자만 갚음\", \"원금만 갚음\", \"매달 동일한 금액을 상환\", \"변동 금액 상환\"]',2,'원리금균등상환은 매달 원금과 이자를 합쳐 동일한 금액을 상환하는 방식입니다.'),('q77','ETF와 ETN의 주요 차이점은?','[\"ETF는 주식, ETN은 채권만 투자\", \"ETF는 실물 기반, ETN은 신용 기반\", \"둘 다 원금 보장\", \"ETF는 해외 전용\"]',1,'ETF는 실물자산을 직접 추종하고, ETN은 발행사의 신용도에 따라 위험이 존재합니다.'),('q78','연말정산에서 환급을 받기 위한 조건은?','[\"신용등급 높음\", \"비과세 예금 있음\", \"소득공제/세액공제 항목 활용\", \"대출 많음\"]',2,'연말정산에서 각종 공제를 잘 활용하면 세금 환급을 받을 수 있습니다.'),('q79','금융상품 비교 공시 제도를 운영하는 기관은?','[\"한국거래소\", \"금융감독원\", \"한국은행\", \"국세청\"]',1,'금융감독원은 금융상품의 수수료, 수익률 등 비교공시 서비스를 제공합니다.'),('q8','DSR 40%가 의미하는 것은?','[\"총소득 대비 원리금 상환액 비율\", \"자산 대비 부채 비율\", \"담보가치 대비 대출 비율\", \"신용등급 기준\"]',0,'DSR(Debt Service Ratio)은 총소득 대비 모든 대출의 원리금 상환액 비율입니다.'),('q80','비트코인 같은 암호화폐의 특징은?','[\"중앙은행 발행\", \"법정화폐와 동일\", \"분산 원장 기반\", \"이자 발생\"]',2,'비트코인은 블록체인 기술 기반의 분산형 디지털 자산입니다.'),('q81','가계부채 관리 기준으로 사용되는 대표 지표는?','[\"GDP\", \"DSR\", \"환율\", \"실업률\"]',1,'DSR(총부채원리금상환비율)은 개인의 상환 능력을 평가하는 핵심 지표입니다.'),('q82','펀드 가입 시 \"환매수수료\"는 언제 발생하는가?','[\"가입 시\", \"정기적으로\", \"기한 전 중도 해지 시\", \"만기 후\"]',2,'일정 기간 이전에 환매하면 환매수수료가 부과될 수 있습니다.'),('q83','보험 상품 중 \"정액 보장형\"의 특징은?','[\"실비만 보장\", \"지출 금액과 무관한 고정 보장\", \"국민연금 연계\", \"만기 자동 환급\"]',1,'정액 보장형은 실제 비용과 관계없이 정해진 금액을 지급합니다.'),('q84','배당주 투자의 주요 목적은?','[\"주가 상승만 기대\", \"분산투자\", \"고정 수익 확보\", \"기술 분석\"]',2,'배당주는 정기적으로 배당금을 받아 수익을 창출할 수 있습니다.'),('q85','소득이 일정하지 않은 프리랜서에게 적합한 금융 전략은?','[\"신용카드 무이자 사용\", \"적금 자동이체\", \"비상자금 확보 및 지출 관리\", \"대출 만기 연장\"]',2,'소득 불규칙성을 감안하여 유동성 중심의 자금관리가 필수입니다.'),('q86','투자 시 \"리밸런싱\"의 의미는?','[\"새 펀드로 교체\", \"수익금 전액 환매\", \"자산 비중을 조정해 균형 유지\", \"고위험 자산 집중\"]',2,'리밸런싱은 목표 포트폴리오에 맞춰 주기적으로 자산 비중을 조정하는 전략입니다.'),('q87','금융기관이 파산해도 일부 예금이 보호되는 이유는?','[\"금융위원회 보장\", \"예금자보호법\", \"은행 자체 보험\", \"중앙은행이 상환\"]',1,'예금자보호법에 따라 1인당 5천만 원까지 보호됩니다.'),('q88','직장인 신용대출 신청 시 유리한 조건은?','[\"과도한 대출 보유\", \"연체 이력 없음\", \"고금리 사용 중\", \"수입 불분명\"]',1,'신용대출은 연체 없는 거래와 안정적 소득이 큰 장점이 됩니다.'),('q89','ISA 계좌에서 손익통산이 가능한 이유는?','[\"이자만 계산됨\", \"배당만 인정됨\", \"수익과 손실을 합산해 과세함\", \"세금이 없음\"]',2,'ISA 계좌는 다양한 금융상품의 수익과 손실을 합산해 절세 효과를 줍니다.'),('q9','변액보험의 특징은?','[\"원금 보장\", \"고정 수익률\", \"투자 위험 부담\", \"만기 필수 가입\"]',2,'변액보험은 펀드에 투자하여 운용수익에 따라 보험금이 변동되며, 투자위험은 보험계약자가 부담합니다.'),('q90','보통예금의 특징은?','[\"고정금리\", \"정기예금보다 높은 이자\", \"자유로운 입출금\", \"만기 후 수익 발생\"]',2,'보통예금은 입출금이 자유롭고, 이자는 낮지만 유동성이 높습니다.'),('q91','주식시장에서 \"공매도\"란?','[\"상승 기대 매수\", \"실물 주식 매도\", \"없는 주식을 빌려 매도\", \"분할 매수 전략\"]',2,'공매도는 주가 하락을 기대하며 주식을 빌려 매도 후 다시 사서 갚는 투자 방법입니다.'),('q92','인터넷전문은행과 기존 은행의 차이점은?','[\"더 많은 점포\", \"모바일 기반 서비스 중심\", \"고객 대면 중심\", \"대출 없음\"]',1,'인터넷전문은행은 오프라인 점포 없이 모바일 서비스에 특화되어 있습니다.'),('q93','재무설계 시 자산의 종류가 아닌 것은?','[\"현금\", \"예금\", \"대출\", \"부동산\"]',2,'대출은 자산이 아니라 부채에 해당합니다.'),('q94','정기예금 해지 시 주의할 점은?','[\"원금 손실 없음\", \"계약 이자보다 낮은 중도 해지 이자율 적용\", \"세금 없음\", \"수수료 면제\"]',1,'중도 해지 시 약정이자보다 낮은 이자율이 적용될 수 있습니다.'),('q95','스탁론은 어떤 상품인가요?','[\"부동산 담보 대출\", \"주식담보 대출\", \"연금 보험\", \"국고채\"]',1,'스탁론은 주식을 담보로 한 대출 상품으로, 레버리지 투자에 활용됩니다.'),('q96','소득공제 가능한 항목이 아닌 것은?','[\"신용카드 사용액\", \"연금저축\", \"기부금\", \"복권 구매\"]',3,'복권 구매는 소득공제 대상이 아닙니다.'),('q97','부동산 보유 시 매년 내는 세금은?','[\"소득세\", \"법인세\", \"재산세\", \"취득세\"]',2,'재산세는 매년 부동산 소유자에게 부과되는 지방세입니다.'),('q98','기준금리가 오르면 일반적으로 어떤 현상이 발생할까?','[\"예금 이자 하락\", \"대출 금리 상승\", \"환율 하락\", \"물가 상승\"]',1,'기준금리 인상은 대출 금리를 끌어올리고 소비 위축을 유도할 수 있습니다.'),('q99','퇴직연금 DC형의 특징은?','[\"회사가 운용 책임\", \"개인이 운용 전략 결정\", \"원금 보장\", \"가입자 없음\"]',1,'DC형(확정기여형)은 가입자가 직접 운용 상품을 선택합니다.');
/*!40000 ALTER TABLE `quiz` ENABLE KEYS */;
UNLOCK TABLES;

--
-- Table structure for table `recipient`
--

DROP TABLE IF EXISTS `recipient`;
/*!40101 SET @saved_cs_client     = @@character_set_client */;
/*!50503 SET character_set_client = utf8mb4 */;
CREATE TABLE `recipient` (
                             `recipient_id` int NOT NULL AUTO_INCREMENT,
                             `email` varchar(255) DEFAULT NULL,
                             `relationship` varchar(20) DEFAULT NULL,
                             `recipient_name` varchar(20) DEFAULT NULL,
                             `birth_date` date DEFAULT NULL,
                             `is_married` tinyint(1) DEFAULT NULL,
                             `has_prior_gift` tinyint(1) DEFAULT NULL,
                             `prior_gift_amount` bigint DEFAULT NULL,
                             `gift_tax_payer` varchar(20) DEFAULT NULL,
                             PRIMARY KEY (`recipient_id`),
                             KEY `fk_recipient_user2_idx` (`email`),
                             CONSTRAINT `fk_recipient_user2` FOREIGN KEY (`email`) REFERENCES `user` (`email`)
) ENGINE=InnoDB DEFAULT CHARSET=utf8mb4 COLLATE=utf8mb4_0900_ai_ci;
/*!40101 SET character_set_client = @saved_cs_client */;

--
-- Dumping data for table `recipient`
--

LOCK TABLES `recipient` WRITE;
/*!40000 ALTER TABLE `recipient` DISABLE KEYS */;
/*!40000 ALTER TABLE `recipient` ENABLE KEYS */;
UNLOCK TABLES;

--
-- Table structure for table `refresh_token`
--

DROP TABLE IF EXISTS `refresh_token`;
/*!40101 SET @saved_cs_client     = @@character_set_client */;
/*!50503 SET character_set_client = utf8mb4 */;
CREATE TABLE `refresh_token` (
                                 `email` varchar(255) NOT NULL,
                                 `token_value` varchar(255) DEFAULT NULL,
                                 `expires_at` date DEFAULT NULL,
                                 PRIMARY KEY (`email`),
                                 KEY `fk_refresh_token_user1_idx` (`email`),
                                 CONSTRAINT `fk_refresh_token_user1` FOREIGN KEY (`email`) REFERENCES `user` (`email`)
) ENGINE=InnoDB DEFAULT CHARSET=utf8mb4 COLLATE=utf8mb4_0900_ai_ci;
/*!40101 SET character_set_client = @saved_cs_client */;

--
-- Dumping data for table `refresh_token`
--

LOCK TABLES `refresh_token` WRITE;
/*!40000 ALTER TABLE `refresh_token` DISABLE KEYS */;
/*!40000 ALTER TABLE `refresh_token` ENABLE KEYS */;
UNLOCK TABLES;

--
-- Table structure for table `saving`
--

DROP TABLE IF EXISTS `saving`;
/*!40101 SET @saved_cs_client     = @@character_set_client */;
/*!50503 SET character_set_client = utf8mb4 */;
CREATE TABLE `saving` (
                          `fin_prdt_cd` varchar(50) NOT NULL,
                          `fin_prdt_category` varchar(2) DEFAULT NULL,
                          `fin_prdt_nm` varchar(50) DEFAULT NULL,
                          `fin_co_no` varchar(20) DEFAULT NULL,
                          `kor_co_nm` varchar(15) DEFAULT NULL,
                          `prdt_feature` varchar(255) DEFAULT NULL,
                          `description` text,
                          `join_way` varchar(50) DEFAULT NULL,
                          `mtrt_int` text,
                          `spcl_cnd` text,
                          `join_term` varchar(45) DEFAULT NULL,
                          `join_deny` varchar(2) DEFAULT NULL,
                          `join_member` varchar(150) DEFAULT NULL,
                          `etc_note` text,
                          `rec_reason` text,
                          `tendency` double DEFAULT NULL,
                          `asset_proportion` double DEFAULT NULL,
                          `join_price` varchar(100) DEFAULT NULL,
                          PRIMARY KEY (`fin_prdt_cd`)
) ENGINE=InnoDB DEFAULT CHARSET=utf8mb4 COLLATE=utf8mb4_0900_ai_ci;
/*!40101 SET character_set_client = @saved_cs_client */;

--
-- Dumping data for table `saving`
--

LOCK TABLES `saving` WRITE;
/*!40000 ALTER TABLE `saving` DISABLE KEYS */;
INSERT INTO `saving` VALUES ('DP01000228','2','직장인우대적금','0010927','국민은행','우대금리 간편가입 직장인 급여/추가적립 우대','직장인의 재테크 스타일을 반영하여 급여이체를 하거나 보너스 등의 부정기적인 자금을 추가로 적립하는 경우 우대이율로 목돈마련을 지원하고 결혼, 출산, 이사 등 이벤트를 위한 중도해지시 기본이율을 제공 하는 적립식 예금입니다.','영업점, 인터넷뱅킹, KB스타뱅킹','만기일시지급','급여이체 시 연0.3%p, 전자금융 자동이체 시 연0.1%p 추가 우대, 분기별 추가입금 시 연0.2%p',NULL,'1','실명의 개인(직장인)','','연금 수령 고객에게 우대금리 및 중도해지 시 기본이율 보장 혜택이 있어 국민연금, 공무원연금 수령 중인 시니어가 안정적으로 목돈 마련하기 적합합니다.',0.74,0.91,'월 1만 원 ~ 300만 원 (정액 적립), 분기별 1회 추가 입금 최대 500만 원'),('DP01001495','2','KB두근두근여행적금','0010927','국민은행','우대금리 간편가입 여행 혜택과 설렘, 소비 인증 우대','여행준비의 혜택과 설렘이 있는 적금으로, 노랑풍선 최대 3만원 & 4% 할인쿠폰 제공합니다.','영업점, 인터넷뱅킹, KB스타뱅킹','만기일시지급','여행 관련 소비 인증 시 우대금리','6개월','1','실명의 개인','','여행 관련 소비 인증 시 우대금리를 제공하여 여행과 여가 활동을 즐기는 65세 이상 시니어에게 적합합니다.',0.74,0.74,'월 1만 원 ~ 300만 원 (자유 적립), 분기별 추가 입금 최대 500만 원'),('DP01001596','2','KB스타 건강적금','0010927','국민은행','우대금리 간편가입 걸음수에 따른 우대금리 적용으로 저축과 건강관리를 한번에','걸음수에 따른 우대금리 적용으로 저축과 건강관리를 함께 할 수 있는 적금입니다.\n이 적금은 판매한도를 정하여 판매하며 KB국민은행 홈페이지, KB스타뱅킹, 영업점에서 판매한도 확인이 가능하고, 정해진 한도가 소진되면 별도의 안내 없이 판매를 종료합니다.\n-예금유의사항 : 1.즐거운 걷기 우대금리를 받기 위해서는 안드로이드 기기에는 ‘구글 피트니스’, iOS 기기에는 ‘건강’ 앱이 설치되어 있어야 합니다. 2.가입 후 KB스타뱅킹 [금리확인] 화면에 들어가 스마트폰 연동을 진행해야 걸음수가 측정됩니다.','영업점(만 60세 이상), KB스타뱅킹','-1개월 이내 : 기본이율 X 50%\n -1개월 초과~3개월 이내 : 기본이율 X 30%\n -3개월 초과 : 0.1%','1.즐거운 걷기 우대금리(매월 연 0.5%p, 최고 연 3.0%p) 2.발자국 스탬프 찍기 우대금리(연1.0%p) 3.웰컴 오케어 우대금리(연1.0%p)','6개월','1','만 14세 이상 실명의 개인(1인 1계좌 보유 가능) ※개인사업자, 임의단체 및 공동명의 가입 불가(서류 미제출 임의단체 가입 불가)','매월 첫 날부터 마지막 날까지 자유롭게 저축(만기일 전날까지 입금 가능)','걸음수에 따른 우대금리와 건강 앱 연동 혜택으로 건강관리에 관심 많은 시니어가 저축과 건강을 함께 챙기기에 적합합니다.',0.69,0.88,'월 1만 원 ~ 20만 원 (원 단위)'),('DP01001614','2','KB스타적금Ⅲ','0010927','국민은행','우대금리 간편가입 신규/장기미거래 고객 우대','신규 또는 장기미거래 고객에게 우대이율을 제공하는 적금 상품입니다.','영업점, 인터넷뱅킹, KB스타뱅킹','만기일시지급','신규/장기미거래 고객 우대금리 연3.0%p','12개월','1','실명의 개인','최고 연 6.0% 금리','신규·장기미거래 고객 우대금리를 제공해 금융거래가 적은 시니어가 단기간에 목돈 마련하기 적합합니다.',0.97,0.98,'월 1만 원 ~ 30만 원'),('DP010200100051','2','KB국민프리미엄적금(정액)','0010927','국민은행','우대금리 단체/병역명문가 우대금리 제공하는 적립식 상품','단체가입고객 또는 병역명문가 등에게 우대금리를 제공하는 적립식 상품입니다.','영업점, 인터넷뱅킹, KB스타뱅킹','-1개월 이내 : 기본이율 X 50%\n-1개월 초과~3개월 이내 : 기본이율 X 30%\n-3개월 초과 : 0.1%','① 단체가입/나라사랑/쿠폰 우대이율: \n1년 : 연 0.6%p, 2년 : 연 0.7%p,\n3년 : 연 0.9%p, 5년 : 연 1.0%p\n(중복적용되지 않음, 계약기간별차등적용)\n② 교차거래 우대이율: 연 0.3%p',NULL,'1','실명의 개인','1인 1계좌','단체가입 및 병역명문가 우대금리 제공 상품으로 우대 대상의 시니어가 금리 혜택을 누리며 안정적인 적금 운용에 적합합니다.',0.76,0.96,'월 1만 원 ~ 30만 원'),('DP010200100070','2','KB내맘대로적금','0010927','국민은행','우대금리 간편가입 직접 설계하는 비대면 DIY 상품','상품에 관한 다양한 옵션(우대이율, 부가서비스 등)을 제공함으로써 고객이 직접 상품 요건을 설계하여 가입할 수 있는 비대면채널 전용 DIY(Do-It-Yourself)형 상품입니다.','인터넷뱅킹, KB스타뱅킹','-1개월 이내 : 기본이율 X 50%\n-1개월 초과~3개월 이내 : 기본이율 X 30%\n -3개월 초과 : 0.1%','신규 시 다음의 9가지 우대이율 항목 중 6가지를 자유롭게 선택하고, 아래 우대이율 적용조건 충족 시 항목 당 각 연0.1%p의 우대이율 적용\n(최고 연0.6%p)\n-우대이율 항목 : 급여이체, 카드결제계좌, 자동이체 저축, 아파트관리비 이체, KB스타뱅킹 이체, 장기거래, 첫 거래, 주택청약종합저축, 소중한 날',NULL,'1','실명의 개인 또는 개인사업자','1인 1계좌','이율과 부가서비스를 직접 선택하는 DIY 상품으로, 금융 상품을 적극적으로 설계하고 싶은 시니어에게 적합합니다.',0.91,0.91,'월 20만 원'),('DP010200100084','2','KB맑은하늘적금','0010927','국민은행','우대금리 간편가입 친환경 우대금리, 보험 제공 친환경 특화 상품','맑은하늘을 위한 생활 속 작은 실천에 대해 우대금리를 제공하고, 대중교통/자전거상해 관련 무료 보험서비스(최대 2억원 보장)를 제공하는 친환경 특화 상품입니다.','영업점, 인터넷뱅킹, KB스타뱅킹','-1개월 이내 : 기본이율 X 50%\n-1개월 초과~3개월 이내 : 기본이율 X 30%\n-3개월 초과 : 0.1%','맑은하늘을 위한 미션별 제공조건을 달성하는 경우 각 미션별 우대이율 제공\n-1년제 최고 연 0.8%p, 2년제 최고 연 0.9%p, 3년제 최고 연 1.0%p\n① 종이통장 줄이기 미션: 연 0.1%p\n② 종이서식 줄이기 미션: 연 0.2%p\n③ 대중교통 미션: 1년제 연 0.4%p, 2년제 연 0.5%p, 3년제 연 0.6%p\n④ 퀴즈미션: 연 0.1%p',NULL,'1','실명의 개인','공동명의 불가 (1인 최대 3계좌)','친환경 미션 달성 시 우대금리 및 보험서비스 제공으로 환경과 안전을 중시하는 시니어에게 적합합니다.',0.84,0.72,'월 20만 원'),('DP010200100104','2','KB 특★한 적금','0010927','국민은행','우대금리 간편가입 특별한 만기일 지정, 단기 고금리 적금 상품','내가 원하는 특별한 날을 만기일로 지정하고 변경할 수 있는 단기 적금 상품입니다.','KB스타뱅킹','-1개월 이내 : 기본이율 X 50%\n-1개월 초과~3개월 이내 : 기본이율 X 30%\n-3개월 초과 : 0.1%','항목별 적용 조건 충족시, 최고 연 4.0%p\n① 목표달성 축하 우대이율: 최고 연 1.0%p\n50만원 이하: 연 0.5%p, 50만원 초과: 연 1.0%p\n② 별 모으기 우대이율 : 최고 연 1.0%p\n10개: 연 0.5%p, 20개: 연 1.0%p\n③ 함께해요 우대이율: 최고 연 2.0%p',NULL,'1','실명의 개인','개인사업자, 임의단체 및 공동명의 가입 불가 (1인 최대 3계좌)','특별한 만기일 지정 및 단기 고금리 혜택으로 중요한 날짜에 맞춰 목돈을 준비하는 시니어에게 적합합니다.',0.79,0.74,'월 20만 원'),('DP310002','2','KB착한정기적금','0010927','국민은행','우대금리 목돈을 마련하는 정기적금','매월 일정 금액을 저축하고 목돈을 마련하는 정기적금입니다.','영업점','-1개월이내 : 신규가입일 당시 약정이율과 만기일 현재 고시이율 중 낮은 이율\n-1개월초과 : 보통예금이율','-인터넷뱅킹 신규가입하여 출금계좌를 등록한 후 당일 창구 신규시 우대금리 연 0.1%p적용\n단, 신규가입일 포함 14일 이내 타기관 공인인증서 미등록시 우대금리 적용해제\n-KB스타클럽 고객 연0.1%p적용.\n단, 베스트, 그랜드, VIP,VVIP등급 적용','12개월 ~ 36개월','1','제한없음','Kb e-Plus착한정기적금과 납입한도 합산 적용','사회적 배려 대상 및 기초생활수급자 우대금리와 가입 조건으로 경제적 어려움이 있는 시니어에게 적합합니다.',0.78,0.78,'월 1만 원 ~ 100만 원'),('DP310003','2','KB착한e-Plus정기적금','0013127','KB저축은행','우대금리 간편가입 목돈을 마련하는 온라인 가입전용 정기적금','매월 일정 금액을 저축하고 목돈을 마련하는 온라인 가입전용 정기적금입니다.','인터넷뱅킹, KB스타뱅킹','-1개월이내 : 신규가입일 당시 약정이율과 만기일 현재 고시이율 중 낮은 이율\n-1개월초과 : 보통예금이율','-KB스타클럽 고객 연0.1%p적용\n단, 베스트, 그랜드, VIP,VVIP등급 적용','12개월 ~ 36개월','1','제한없음','KB착한정기적금과 납입한도 합산 적용','온라인 가입 전용으로 간편하며 우대금리 제공, 스마트폰 활용이 익숙한 시니어에게 적합합니다.',0.76,0.99,'월 1만 원 ~ 100만 원'),('DP310004','2','KB일반정기적금','0013127','KB저축은행','우대금리 목돈을 마련하는 정기적금','매월 일정금액을 납입하여 목돈을 마련하는 정기적금입니다.','영업점','-1개월이내 : 신규가입일 당시 약정이율과 만기일 현재 고시이율 중 낮은 이율\n-1개월초과 : 보통예금이율','-인터넷뱅킹 신규가입하여 출금계좌를 등록한 후 당일 창구 신규시 우대금리 연 0.1%p적용.\n단, 신규가입일 포함 14일 이내 타기관 공인인증서 미등록시 우대금리 적용해제\n-KB스타클럽 고객 연0.1%p적용\n단, 베스트, 그랜드, VIP,VVIP등급 적용','12개월 ~ 36개월','1','제한없음','','기본에 충실한 안정적 적금으로 금융상품 이용이 익숙하지 않은 시니어가 장기 목돈 마련하기 적합합니다.',0.69,0.96,'월 1만 원 이상'),('DP310005','2','KB일반e-Plus정기적금','0013127','KB저축은행','우대금리 간편가입 목돈 마련을 위한 온라인 가입전용 정기적금','목돈 마련을 위한 온라인 가입전용 정기적금입니다.','인터넷뱅킹, KB스타뱅킹','-1개월이내 : 신규가입일 당시 약정이율과 만기일 현재 고시이율 중 낮은 이율\n-1개월초과 : 보통예금이율','-KB스타클럽 고객 연0.1%p적용\n단, 베스트, 그랜드, VIP,VVIP등급 적용','12개월 ~ 36개월','1','제한없음','','온라인 전용 간편 가입과 우대금리 혜택으로 디지털 환경에 익숙한 시니어에게 적합합니다.',0.68,0.91,'월 1만 원 이상'),('DP310006','2','KB착한누리적금','0013127','KB저축은행','우대금리 간편가입 사회적 배려 대상 고객의 목돈 마련을 위한 적립식 적금','사회적 배려 대상 고객에게 목돈 마련을 지원하는 적립식 적금입니다.','영업점, 인터넷뱅킹, KB스타뱅킹','-1개월이내 : 신규가입일 당시 약정이율과 만기일 현재 고시이율 중 낮은 이율\n-1개월초과 : 보통예금이율','인터넷뱅킹/모바일뱅킹으로 가입시 우대이율 연0.5% 적용','12개월','1','기초생활수급자, 소년소녀가장, 한부모가족지원보호대상자, 새터민, 만65세이상 차상위계층, 장애인연금·장애수당·장애아동수당 대상자','증빙서류 제출 후 가입','기초생활수급자, 장애인 등 사회적 배려 대상 시니어에게 우대금리 및 증빙서류 제출 후 가입 가능해 생활 안정에 적합합니다.',0.78,0.91,'월 1만 원 ~ 30만 원');
/*!40000 ALTER TABLE `saving` ENABLE KEYS */;
UNLOCK TABLES;

--
-- Table structure for table `saving_option`
--

DROP TABLE IF EXISTS `saving_option`;
/*!40101 SET @saved_cs_client     = @@character_set_client */;
/*!50503 SET character_set_client = utf8mb4 */;
CREATE TABLE `saving_option` (
                                 `option_cd` int NOT NULL AUTO_INCREMENT,
                                 `fin_prdt_cd` varchar(50) NOT NULL,
                                 `rsrv_type_nm` varchar(10) DEFAULT NULL,
                                 `intr_rate_type_nm` varchar(10) DEFAULT NULL,
                                 `save_trm` varchar(3) DEFAULT NULL,
                                 `intr_rate` double DEFAULT NULL,
                                 `intr_rate2` double DEFAULT NULL,
                                 PRIMARY KEY (`option_cd`),
                                 KEY `fk_fin_prdt_saving` (`fin_prdt_cd`),
                                 CONSTRAINT `fk_fin_prdt_saving` FOREIGN KEY (`fin_prdt_cd`) REFERENCES `saving` (`fin_prdt_cd`)
) ENGINE=InnoDB AUTO_INCREMENT=44 DEFAULT CHARSET=utf8mb4 COLLATE=utf8mb4_0900_ai_ci;
/*!40101 SET character_set_client = @saved_cs_client */;

--
-- Dumping data for table `saving_option`
--

LOCK TABLES `saving_option` WRITE;
/*!40000 ALTER TABLE `saving_option` DISABLE KEYS */;
INSERT INTO `saving_option` VALUES (1,'DP01000228','정액적립식','고정금리','12',2.75,3.25),(2,'DP01001495','자유적립식','고정금리','6',2.65,3.65),(3,'DP01001596','자유적립식','고정금리','6',1,6),(4,'DP01001614','자유적립식','고정금리','12',3,6),(5,'DP010200100051','정액적립식','단리','12',2.5,3.4),(6,'DP010200100051','정액적립식','단리','24',2.7,3.7),(7,'DP010200100051','정액적립식','단리','36',2.8,4),(8,'DP010200100070','정액적립식','단리','6',2.3,2.9),(9,'DP010200100070','정액적립식','단리','12',2.55,3.15),(10,'DP010200100070','정액적립식','단리','24',2.75,3.35),(11,'DP010200100070','정액적립식','단리','36',2.95,3.55),(12,'DP010200100084','자유적립식','단리','12',2.45,3.25),(13,'DP010200100084','자유적립식','단리','24',2.55,3.45),(14,'DP010200100084','자유적립식','단리','36',2.85,3.85),(15,'DP010200100104','자유적립식','단리','1',2,6),(16,'DP010200100104','자유적립식','단리','3',2,6),(17,'DP010200100104','자유적립식','단리','6',2,6),(18,'DP310002','정액적립식','단리','12',3.6,3.8),(19,'DP310002','정액적립식','단리','24',3.6,3.8),(20,'DP310002','정액적립식','단리','36',3.6,3.8),(21,'DP310002','정액적립식','복리','12',3.6,3.8),(22,'DP310002','정액적립식','복리','24',3.6,3.8),(23,'DP310002','정액적립식','복리','36',3.6,3.8),(24,'DP310003','정액적립식','복리','12',3.7,3.8),(25,'DP310003','정액적립식','복리','24',3.7,3.8),(26,'DP310003','정액적립식','복리','36',3.7,3.8),(27,'DP310003','정액적립식','단리','36',3.7,3.8),(28,'DP310003','정액적립식','단리','12',3.7,3.8),(29,'DP310003','정액적립식','단리','24',3.7,3.8),(30,'DP310004','정액적립식','단리','36',3.2,3.4),(31,'DP310004','정액적립식','복리','36',3.2,3.4),(32,'DP310004','정액적립식','복리','24',3.1,3.3),(33,'DP310004','정액적립식','복리','12',3,3.2),(34,'DP310004','정액적립식','단리','24',3.1,3.3),(35,'DP310004','정액적립식','단리','12',3,3.2),(36,'DP310005','정액적립식','단리','12',3.1,3.2),(37,'DP310005','정액적립식','단리','36',3.3,3.4),(38,'DP310005','정액적립식','복리','12',3.1,3.2),(39,'DP310005','정액적립식','복리','24',3.2,3.3),(40,'DP310005','정액적립식','복리','36',3.3,3.4),(41,'DP310005','정액적립식','단리','24',3.2,3.3),(42,'DP310006','정액적립식','단리','12',4.5,5),(43,'DP310006','정액적립식','복리','12',4.5,5);
/*!40000 ALTER TABLE `saving_option` ENABLE KEYS */;
UNLOCK TABLES;

--
-- Table structure for table `stats_send_history`
--

DROP TABLE IF EXISTS `stats_send_history`;
/*!40101 SET @saved_cs_client     = @@character_set_client */;
/*!50503 SET character_set_client = utf8mb4 */;
CREATE TABLE `stats_send_history` (
                                      `id` bigint NOT NULL AUTO_INCREMENT,
                                      `stat_type` varchar(20) NOT NULL,
                                      `sent_at` datetime NOT NULL,
                                      PRIMARY KEY (`id`),
                                      KEY `idx_stat_type_sent_at` (`stat_type`,`sent_at`)
) ENGINE=InnoDB AUTO_INCREMENT=4 DEFAULT CHARSET=utf8mb4 COLLATE=utf8mb4_0900_ai_ci;
/*!40101 SET character_set_client = @saved_cs_client */;

--
-- Dumping data for table `stats_send_history`
--

LOCK TABLES `stats_send_history` WRITE;
/*!40000 ALTER TABLE `stats_send_history` DISABLE KEYS */;
/*!40000 ALTER TABLE `stats_send_history` ENABLE KEYS */;
UNLOCK TABLES;

--
-- Table structure for table `strategy`
--

DROP TABLE IF EXISTS `strategy`;
/*!40101 SET @saved_cs_client     = @@character_set_client */;
/*!50503 SET character_set_client = utf8mb4 */;
CREATE TABLE `strategy` (
                            `strategy_id` int NOT NULL AUTO_INCREMENT,
                            `strategy_code` varchar(100) NOT NULL,
                            `rule_category` varchar(45) NOT NULL,
                            `message` text NOT NULL,
                            `base_weight` int NOT NULL DEFAULT '0' COMMENT '기본 가중치 점수',
                            `priority_level` int NOT NULL DEFAULT '3' COMMENT '전략 우선순위 등급 (Tier)',
                            PRIMARY KEY (`strategy_id`),
                            UNIQUE KEY `strategy_code_UNIQUE` (`strategy_code`)
) ENGINE=InnoDB AUTO_INCREMENT=20 DEFAULT CHARSET=utf8mb4 COLLATE=utf8mb4_0900_ai_ci;
/*!40101 SET character_set_client = @saved_cs_client */;

--
-- Dumping data for table `strategy`
--

LOCK TABLES `strategy` WRITE;
/*!40000 ALTER TABLE `strategy` DISABLE KEYS */;
INSERT INTO `strategy` VALUES (1,'TOTAL_ASSET_GT_1B','총 자산 규모','자산 규모가 크므로 증여 시기 분산 전략을 고려해보세요. 공제는 10년마다 새로 적용되므로, 동일한 수증자라도 10년 단위로 나누어 증여하면 공제 혜택을 반복 활용할 수 있습니다.',80,1),(2,'TOTAL_ASSET_GT_5B','총 자산 규모','대규모 자산은 가업승계 특례나 비상장주식 할인평가 등 전문적인 절세 방안을 함께 고려하시기 바랍니다.',50,2),(3,'NOT_EXIST_SPOUSE','수증자 유형','배우자 증여 시 공제 한도가 6억 원으로 가장 큽니다. 배우자에게 먼저 증여 후 자녀에게 재증여하는 방법도 고려해보세요.',0,1),(4,'EXIST_GRANDCHILD','수증자 유형','손자녀 증여 시 세대생략 30% 할증세가 적용됩니다. 부모를 거쳐 증여하는 것과 세부담을 비교해보세요. 단, 부모가 이미 사망한 경우, 세대생략 증여 할증세는 적용되지 않습니다. 또한 장애인 신탁을 통한 세대생략 증여는 30% 할증세가 면제됩니다.',0,1),(5,'EXIST_MINOR_CHILD','수증자 유형','미성년 자녀는 성년자보다 공제 한도가 낮지만(2천만 원 vs 5천만 원), 향후 성년이 되면 추가 공제가 가능합니다.',20,3),(6,'EXIST_UNMARRIED_CHILD','수증자 유형','미혼 자녀에게 미리 증여하면, 향후 결혼 후 배우자에게도 별도 증여가 가능하여 가족 전체의 증여 한도를 최대화할 수 있습니다.',40,3),(7,'HAS_GIFT_REAL_ESTATE_AND_EXIST_GRANDCHILD','수증자 유형','부동산을 손자녀에게 직접 증여 시 30% 할증이 부담스럽다면, 현금으로 전환 후 자녀를 거쳐 증여하는 방법도 있습니다.',45,3),(8,'HAS_GIFT_REAL_ESTATE_AND_EXIST_UNMARRIED_CHILD','수증자 유형','주택을 기혼 자녀에게 증여하면 1세대 1주택 혜택으로 향후 양도소득세 면제 가능합니다.',35,3),(9,'EXIST_GIFTER_PAYS_TAX','증여세 납부자','증여세를 증여자가 대납하면 그 세금도 별도 증여로 간주되어 증여세가 이중으로 부과될 수 있습니다. 수증자가 직접 납부하는 것이 절세에 유리합니다.',0,1),(10,'PRIOR_GIFT_EXISTS','기존 증여이력','기존 증여금액이 누적되어 공제 한도가 줄어들고 높은 세율이 적용될 수 있습니다. 다른 수증자에게 분산 증여를 고려해보세요.',70,2),(11,'CUMULATIVE_GIFT_EXCEEDS_DEDUCTION','기존 증여이력','10년 누적 증여액이 공제 한도를 이미 초과했습니다. 동일 수증자 추가 증여 시 전액 과세되므로 분산 증여 전략이 유리합니다.',0,1),(12,'HAS_BIZ_TO_SOLE_PROPRIETORSHIP','자산 유형','개인사업체는 소득세(사업소득)와 증여세가 동시에 부과될 수 있습니다. 현금흐름을 미리 계산하고 필요시 법인전환도 고려해보세요.',55,2),(13,'HAS_BIZ_TO_CORPORATION','자산 유형','법인에 자산을 증여하면 주주(보통 가족)에게도 \'간접 증여\'로 간주되어 추가 증여세가 부과될 수 있습니다. 주주 구성을 확인하고 신중히 결정하세요.',60,2),(14,'HAS_REAL_ESTATE_APPRECIATION','자산 유형','부동산은 시세 변동과 임대수익이 발생합니다. 향후 가치 상승이 예상되는 자산을 우선 증여하면 절세 효과가 큽니다.',65,2),(15,'HAS_REAL_ESTATE_DEBT_SUCCESSION','자산 유형','부동산 증여 시 담보대출이나 전세보증금 등 채무를 함께 승계하면 증여세 과세표준을 줄일 수 있습니다. 다만, 승계채무가 과도하면 부담부 증여로 간주되어 양도소득세가 추가될 수 있으므로, 시가 대비 40~60% 수준의 적정 채무 승계가 유리합니다.',75,2),(16,'HAS_CASH','자산 유형','현금성 자산은 평가 이슈가 없어 증여가 간단하지만, 수익 창출 자산을 먼저 증여하는 것이 장기적으로 유리할 수 있습니다.',30,3);
/*!40000 ALTER TABLE `strategy` ENABLE KEYS */;
UNLOCK TABLES;

--
-- Table structure for table `trust`
--

DROP TABLE IF EXISTS `trust`;
/*!40101 SET @saved_cs_client     = @@character_set_client */;
/*!50503 SET character_set_client = utf8mb4 */;
CREATE TABLE `trust` (
                         `fin_prdt_cd` varchar(50) NOT NULL,
                         `fin_prdt_category` varchar(2) DEFAULT NULL,
                         `fin_prdt_nm` varchar(100) DEFAULT NULL,
                         `fin_co_no` varchar(20) DEFAULT NULL,
                         `kor_co_nm` varchar(15) DEFAULT NULL,
                         `join_way` varchar(50) DEFAULT NULL,
                         `base_price` double DEFAULT NULL,
                         `yield_rate` double DEFAULT NULL,
                         `fund_type` varchar(50) DEFAULT NULL,
                         `fund_structure` varchar(50) DEFAULT NULL,
                         `tax_benefit` varchar(10) DEFAULT NULL,
                         `sale_start_date` varchar(10) DEFAULT NULL,
                         `trust_fee` varchar(10) DEFAULT NULL,
                         `early_termination_fee` varchar(20) DEFAULT NULL,
                         `deposit_protection` varchar(20) DEFAULT NULL,
                         `rec_reason` text,
                         `tendency` double DEFAULT NULL,
                         `asset_proportion` double DEFAULT NULL,
                         PRIMARY KEY (`fin_prdt_cd`)
) ENGINE=InnoDB DEFAULT CHARSET=utf8mb4 COLLATE=utf8mb4_0900_ai_ci;
/*!40101 SET character_set_client = @saved_cs_client */;

--
-- Dumping data for table `trust`
--

LOCK TABLES `trust` WRITE;
/*!40000 ALTER TABLE `trust` DISABLE KEYS */;
INSERT INTO `trust` VALUES ('gift',NULL,NULL,NULL,NULL,NULL,NULL,NULL,NULL,NULL,NULL,NULL,NULL,NULL,NULL,NULL,NULL,NULL),('inheritance',NULL,NULL,NULL,NULL,NULL,NULL,NULL,NULL,NULL,NULL,NULL,NULL,NULL,NULL,NULL,NULL,NULL),('TR001','6','KB골든라이프연금저축신탁 (채권형)','0013127','KB저축은행','영업점',1824.74,2.16,'노후준비형','추가형, 개방형, 적립식','불가','2013-05-02','연 0.5%','없음','1인당 5천만원 한도','기초적인 수익을 고려하는 일반적인 시니어 고객에게 적합합니다.',0.45,0.65),('TR002','6','KB골든라이프연금저축신탁 (안정형)','0013127','KB저축은행','영업점',1894.21,3.74,'노후준비형','추가형, 개방형, 적립식','불가','2013-05-02','연 0.5%','없음','1인당 5천만원 한도','기초적인 수익을 고려하는 일반적인 시니어 고객에게 적합합니다.',0.38,0.61),('TR003','6','KB실버웰빙연금저축신탁 (채권형)','0013127','KB저축은행','영업점',1824.74,2.16,'노후준비형','추가형, 개방형, 적립식','불가','2013-05-02','연 0.5%','없음','1인당 5천만원 한도','기초적인 수익을 고려하는 일반적인 시니어 고객에게 적합합니다.',0.37,0.78),('TR004','6','KB실버웰빙연금저축신탁 (안정형)','0013127','KB저축은행','영업점',1894.21,3.74,'노후준비형','추가형, 개방형, 적립식','불가','2013-05-02','연 0.5%','없음','1인당 5천만원 한도','기초적인 수익을 고려하는 일반적인 시니어 고객에게 적합합니다.',0.35,0.55),('TR005','6','KB비과세파도타기시스템 주식형신탁','0013127','KB저축은행','영업점',4438.83,35.65,'성장형','추가형, 개방형','비과세','미상','연 0.5%','상품설명서 참조','비보호 상품','시장 흐름을 적극적으로 활용하고자 하는 투자 성향의 시니어에게 적합합니다.',-0.32,-0.12),('TR006','6','퇴직신탁 채권형 제4호','0013127','KB저축은행','영업점',1703.26,0.64,'퇴직연금','채권형','불가','미상','연 0.5%','상품설명서 참조','비보호 상품','퇴직 후 자산의 안정적 운용을 원하는 시니어에게 적합합니다.',0.27,0.33),('TR007','6','KB파도타기장기주택마련신탁 안정성장형 제2호','0013127','KB저축은행','영업점',2302.37,6.13,'주택마련','안정성장형','해당 없음','미상','연 0.5%','상품설명서 참조','비보호 상품','주택 마련과 관련된 자금을 안정적으로 운용하고자 하는 시니어에게 적합합니다.',-0.14,-0.11),('TR008','6','KB파도타기시스템신추가금전신탁 성장형 제1호','0013127','KB저축은행','영업점',2093.98,0.13,'성장형','추가형','해당 없음','미상','연 0.5%','상품설명서 참조','비보호 상품','시장 흐름을 적극적으로 활용하고자 하는 투자 성향의 시니어에게 적합합니다.',-0.46,-0.42),('TR009','6','KB실버플랜신노후생활연금신탁 채권형','0013127','KB저축은행','영업점',1630.14,0.1,'노후생활','채권형','불가','미상','연 0.5%','없음','1인당 5천만원 한도','안정성과 적립 가능성을 중시하는 보수적인 시니어에게 적합합니다.',0.77,0.41),('TR010','6','KB장기주택마련신탁 채권형','0013127','KB저축은행','영업점',1784.62,0.11,'주택마련','채권형','불가','미상','연 0.5%','없음','1인당 5천만원 한도','주택 마련과 관련된 자금을 안정적으로 운용하고자 하는 시니어에게 적합합니다.',0.39,0.28);
/*!40000 ALTER TABLE `trust` ENABLE KEYS */;
UNLOCK TABLES;

--
-- Table structure for table `user`
--

DROP TABLE IF EXISTS `user`;
/*!40101 SET @saved_cs_client     = @@character_set_client */;
/*!50503 SET character_set_client = utf8mb4 */;
CREATE TABLE `user` (
                        `email` varchar(255) NOT NULL,
                        `user_name` varchar(20) NOT NULL DEFAULT '홍길동',
                        `user_phone` varchar(20) NOT NULL DEFAULT '010-1234-5678',
                        `birth` date NOT NULL DEFAULT '2000-01-01',
                        `point` int NOT NULL DEFAULT '0',
                        `connected_id` varchar(50) DEFAULT NULL,
                        `branch_id` int DEFAULT NULL,
                        `asset` bigint NOT NULL DEFAULT '0',
                        `filename1` varchar(255) DEFAULT NULL,
                        `filename2` varchar(255) DEFAULT NULL,
                        `tendency` double DEFAULT NULL,
                        `asset_proportion` double NOT NULL DEFAULT '0',
                        PRIMARY KEY (`email`),
                        KEY `fk_user_branch1_idx` (`branch_id`),
                        CONSTRAINT `fk_user_branch1` FOREIGN KEY (`branch_id`) REFERENCES `branch` (`branch_id`)
) ENGINE=InnoDB DEFAULT CHARSET=utf8mb4 COLLATE=utf8mb4_0900_ai_ci;
/*!40101 SET character_set_client = @saved_cs_client */;

--
-- Dumping data for table `user`
--

LOCK TABLES `user` WRITE;
/*!40000 ALTER TABLE `user` DISABLE KEYS */;
/*!40000 ALTER TABLE `user` ENABLE KEYS */;
UNLOCK TABLES;

--
-- Temporary view structure for view `v_all_products`
--

DROP TABLE IF EXISTS `v_all_products`;
/*!50001 DROP VIEW IF EXISTS `v_all_products`*/;
SET @saved_cs_client     = @@character_set_client;
/*!50503 SET character_set_client = utf8mb4 */;
/*!50001 CREATE VIEW `v_all_products` AS SELECT
                                             1 AS `fin_prdt_cd`,
                                             1 AS `fin_prdt_category`,
                                             1 AS `fin_prdt_nm`,
                                             1 AS `fin_co_no`,
                                             1 AS `kor_co_nm`,
                                             1 AS `prdt_feature`,
                                             1 AS `description`,
                                             1 AS `join_way`,
                                             1 AS `rec_reason`,
                                             1 AS `tendency`,
                                             1 AS `asset_proportion`,
                                             1 AS `prdt_type`,
                                             1 AS `mtrt_int`,
                                             1 AS `spcl_cnd`,
                                             1 AS `join_deny`,
                                             1 AS `join_member`,
                                             1 AS `etc_note`,
                                             1 AS `join_price`,
                                             1 AS `join_term`,
                                             1 AS `lot`,
                                             1 AS `currency`,
                                             1 AS `loan_inci_expn`,
                                             1 AS `erly_rpay_fee`,
                                             1 AS `dly_rate`,
                                             1 AS `loan_lmt`,
                                             1 AS `max_limit`,
                                             1 AS `rsrv_type_nm`,
                                             1 AS `base_price`,
                                             1 AS `yield_rate`,
                                             1 AS `fund_type`,
                                             1 AS `fund_structure`,
                                             1 AS `tax_benefit`,
                                             1 AS `sale_start_date`,
                                             1 AS `trust_fee`,
                                             1 AS `early_termination_fee`,
                                             1 AS `deposit_protection`,
                                             1 AS `intr_rate_type_nm`,
                                             1 AS `save_trm`,
                                             1 AS `intr_rate`,
                                             1 AS `intr_rate2`,
                                             1 AS `mrtg_type_nm`,
                                             1 AS `rpay_type_nm`,
                                             1 AS `lend_rate_type_nm`,
                                             1 AS `lend_rate_min`,
                                             1 AS `lend_rate_max`,
                                             1 AS `lend_rate_avg`,
                                             1 AS `rate_3mon`,
                                             1 AS `start_date`,
                                             1 AS `asset_total`,
                                             1 AS `total_fee`,
                                             1 AS `risk_grade`,
                                             1 AS `fee_first`,
                                             1 AS `fee_redemp`,
                                             1 AS `price_std`*/;
SET character_set_client = @saved_cs_client;

--
-- Temporary view structure for view `v_product_list`
--

DROP TABLE IF EXISTS `v_product_list`;
/*!50001 DROP VIEW IF EXISTS `v_product_list`*/;
SET @saved_cs_client     = @@character_set_client;
/*!50503 SET character_set_client = utf8mb4 */;
/*!50001 CREATE VIEW `v_product_list` AS SELECT
                                             1 AS `fin_prdt_cd`,
                                             1 AS `fin_prdt_nm`,
                                             1 AS `prdt_feature`,
                                             1 AS `prdt_type`,
                                             1 AS `save_trm`,
                                             1 AS `intr_rate`,
                                             1 AS `intr_rate2`,
                                             1 AS `rate_3mon`,
                                             1 AS `risk_grade`,
                                             1 AS `price_std`,
                                             1 AS `mrtg_type_nm`,
                                             1 AS `rpay_type_nm`,
                                             1 AS `lend_rate_type_nm`,
                                             1 AS `lend_rate_min`,
                                             1 AS `lend_rate_max`*/;
SET character_set_client = @saved_cs_client;

--
-- Dumping events for database 'jeju_gom'
--

--
-- Dumping routines for database 'jeju_gom'
--

--
-- Current Database: `jeju_gom`
--

USE `jeju_gom`;

--
-- Final view structure for view `v_all_products`
--

/*!50001 DROP VIEW IF EXISTS `v_all_products`*/;
/*!50001 SET @saved_cs_client          = @@character_set_client */;
/*!50001 SET @saved_cs_results         = @@character_set_results */;
/*!50001 SET @saved_col_connection     = @@collation_connection */;
/*!50001 SET character_set_client      = utf8mb3 */;
/*!50001 SET character_set_results     = utf8mb3 */;
/*!50001 SET collation_connection      = utf8mb3_general_ci */;
/*!50001 CREATE ALGORITHM=UNDEFINED */
    /*!50013 DEFINER=`root`@`localhost` SQL SECURITY DEFINER */
    /*!50001 VIEW `v_all_products` AS select `d`.`fin_prdt_cd` AS `fin_prdt_cd`,`d`.`fin_prdt_category` AS `fin_prdt_category`,`d`.`fin_prdt_nm` AS `fin_prdt_nm`,`d`.`fin_co_no` AS `fin_co_no`,`d`.`kor_co_nm` AS `kor_co_nm`,`d`.`prdt_feature` AS `prdt_feature`,`d`.`description` AS `description`,`d`.`join_way` AS `join_way`,`d`.`rec_reason` AS `rec_reason`,`d`.`tendency` AS `tendency`,`d`.`asset_proportion` AS `asset_proportion`,'deposit' AS `prdt_type`,`d`.`mtrt_int` AS `mtrt_int`,`d`.`spcl_cnd` AS `spcl_cnd`,`d`.`join_deny` AS `join_deny`,`d`.`join_member` AS `join_member`,`d`.`etc_note` AS `etc_note`,`d`.`join_price` AS `join_price`,`d`.`join_term` AS `join_term`,NULL AS `lot`,NULL AS `currency`,NULL AS `loan_inci_expn`,NULL AS `erly_rpay_fee`,NULL AS `dly_rate`,NULL AS `loan_lmt`,NULL AS `max_limit`,NULL AS `rsrv_type_nm`,NULL AS `base_price`,NULL AS `yield_rate`,NULL AS `fund_type`,NULL AS `fund_structure`,NULL AS `tax_benefit`,NULL AS `sale_start_date`,NULL AS `trust_fee`,NULL AS `early_termination_fee`,NULL AS `deposit_protection`,`do`.`intr_rate_type_nm` AS `intr_rate_type_nm`,`do`.`save_trm` AS `save_trm`,`do`.`intr_rate` AS `intr_rate`,`do`.`intr_rate2` AS `intr_rate2`,NULL AS `mrtg_type_nm`,NULL AS `rpay_type_nm`,NULL AS `lend_rate_type_nm`,NULL AS `lend_rate_min`,NULL AS `lend_rate_max`,NULL AS `lend_rate_avg`,NULL AS `rate_3mon`,NULL AS `start_date`,NULL AS `asset_total`,NULL AS `total_fee`,NULL AS `risk_grade`,NULL AS `fee_first`,NULL AS `fee_redemp`,NULL AS `price_std` from (`deposit` `d` left join `deposit_option` `do` on((`d`.`fin_prdt_cd` = `do`.`fin_prdt_cd`))) union all select `s`.`fin_prdt_cd` AS `fin_prdt_cd`,`s`.`fin_prdt_category` AS `fin_prdt_category`,`s`.`fin_prdt_nm` AS `fin_prdt_nm`,`s`.`fin_co_no` AS `fin_co_no`,`s`.`kor_co_nm` AS `kor_co_nm`,`s`.`prdt_feature` AS `prdt_feature`,`s`.`description` AS `description`,`s`.`join_way` AS `join_way`,`s`.`rec_reason` AS `rec_reason`,`s`.`tendency` AS `tendency`,`s`.`asset_proportion` AS `asset_proportion`,'saving' AS `prdt_type`,`s`.`mtrt_int` AS `mtrt_int`,`s`.`spcl_cnd` AS `spcl_cnd`,`s`.`join_deny` AS `join_deny`,`s`.`join_member` AS `join_member`,`s`.`etc_note` AS `etc_note`,`s`.`join_price` AS `join_price`,`s`.`join_term` AS `join_term`,NULL AS `lot`,NULL AS `currency`,NULL AS `loan_inci_expn`,NULL AS `erly_rpay_fee`,NULL AS `dly_rate`,NULL AS `loan_lmt`,NULL AS `max_limit`,`so`.`rsrv_type_nm` AS `rsrv_type_nm`,NULL AS `base_price`,NULL AS `yield_rate`,NULL AS `fund_type`,NULL AS `fund_structure`,NULL AS `tax_benefit`,NULL AS `sale_start_date`,NULL AS `trust_fee`,NULL AS `early_termination_fee`,NULL AS `deposit_protection`,`so`.`intr_rate_type_nm` AS `intr_rate_type_nm`,`so`.`save_trm` AS `save_trm`,`so`.`intr_rate` AS `intr_rate`,`so`.`intr_rate2` AS `intr_rate2`,NULL AS `mrtg_type_nm`,NULL AS `rpay_type_nm`,NULL AS `lend_rate_type_nm`,NULL AS `lend_rate_min`,NULL AS `lend_rate_max`,NULL AS `lend_rate_avg`,NULL AS `rate_3mon`,NULL AS `start_date`,NULL AS `asset_total`,NULL AS `total_fee`,NULL AS `risk_grade`,NULL AS `fee_first`,NULL AS `fee_redemp`,NULL AS `price_std` from (`saving` `s` left join `saving_option` `so` on((`s`.`fin_prdt_cd` = `so`.`fin_prdt_cd`))) union all select `f`.`fin_prdt_cd` AS `fin_prdt_cd`,`f`.`fin_prdt_category` AS `fin_prdt_category`,`f`.`fin_prdt_nm` AS `fin_prdt_nm`,`f`.`fin_co_no` AS `fin_co_no`,`f`.`kor_co_nm` AS `kor_co_nm`,`f`.`prdt_feature` AS `prdt_feature`,NULL AS `description`,NULL AS `join_way`,`f`.`rec_reason` AS `rec_reason`,`f`.`tendency` AS `tendency`,`f`.`asset_proportion` AS `asset_proportion`,'fund' AS `prdt_type`,NULL AS `mtrt_int`,NULL AS `spcl_cnd`,NULL AS `join_deny`,NULL AS `join_member`,NULL AS `etc_note`,NULL AS `join_price`,NULL AS `join_term`,NULL AS `lot`,NULL AS `currency`,NULL AS `loan_inci_expn`,NULL AS `erly_rpay_fee`,NULL AS `dly_rate`,NULL AS `loan_lmt`,NULL AS `max_limit`,NULL AS `rsrv_type_nm`,NULL AS `base_price`,NULL AS `yield_rate`,NULL AS `fund_type`,NULL AS `fund_structure`,NULL AS `tax_benefit`,NULL AS `sale_start_date`,NULL AS `trust_fee`,NULL AS `early_termination_fee`,NULL AS `deposit_protection`,NULL AS `intr_rate_type_nm`,NULL AS `save_trm`,NULL AS `intr_rate`,NULL AS `intr_rate2`,NULL AS `mrtg_type_nm`,NULL AS `rpay_type_nm`,NULL AS `lend_rate_type_nm`,NULL AS `lend_rate_min`,NULL AS `lend_rate_max`,NULL AS `lend_rate_avg`,`fo`.`rate_3mon` AS `rate_3mon`,`fo`.`start_date` AS `start_date`,`fo`.`asset_total` AS `asset_total`,`fo`.`total_fee` AS `total_fee`,`fo`.`risk_grade` AS `risk_grade`,`fo`.`fee_first` AS `fee_first`,`fo`.`fee_redemp` AS `fee_redemp`,`fo`.`price_std` AS `price_std` from (`fund` `f` left join `fund_option` `fo` on((`f`.`fin_prdt_cd` = `fo`.`fin_prdt_cd`))) union all select `g`.`fin_prdt_cd` AS `fin_prdt_cd`,`g`.`fin_prdt_category` AS `fin_prdt_category`,`g`.`fin_prdt_nm` AS `fin_prdt_nm`,`g`.`fin_co_no` AS `fin_co_no`,`g`.`kor_co_nm` AS `kor_co_nm`,`g`.`prdt_feature` AS `prdt_feature`,`g`.`description` AS `description`,`g`.`join_way` AS `join_way`,`g`.`rec_reason` AS `rec_reason`,`g`.`tendency` AS `tendency`,`g`.`asset_proportion` AS `asset_proportion`,'gold' AS `prdt_type`,NULL AS `mtrt_int`,NULL AS `spcl_cnd`,NULL AS `join_deny`,NULL AS `join_member`,`g`.`etc_note` AS `etc_note`,NULL AS `join_price`,NULL AS `join_term`,`g`.`lot` AS `lot`,`g`.`currency` AS `currency`,NULL AS `loan_inci_expn`,NULL AS `erly_rpay_fee`,NULL AS `dly_rate`,NULL AS `loan_lmt`,NULL AS `max_limit`,NULL AS `rsrv_type_nm`,NULL AS `base_price`,NULL AS `yield_rate`,NULL AS `fund_type`,NULL AS `fund_structure`,NULL AS `tax_benefit`,NULL AS `sale_start_date`,NULL AS `trust_fee`,NULL AS `early_termination_fee`,NULL AS `deposit_protection`,NULL AS `intr_rate_type_nm`,NULL AS `save_trm`,NULL AS `intr_rate`,NULL AS `intr_rate2`,NULL AS `mrtg_type_nm`,NULL AS `rpay_type_nm`,NULL AS `lend_rate_type_nm`,NULL AS `lend_rate_min`,NULL AS `lend_rate_max`,NULL AS `lend_rate_avg`,NULL AS `rate_3mon`,NULL AS `start_date`,NULL AS `asset_total`,NULL AS `total_fee`,NULL AS `risk_grade`,NULL AS `fee_first`,NULL AS `fee_redemp`,NULL AS `price_std` from `gold` `g` union all select `m`.`fin_prdt_cd` AS `fin_prdt_cd`,`m`.`fin_prdt_category` AS `fin_prdt_category`,`m`.`fin_prdt_nm` AS `fin_prdt_nm`,`m`.`fin_co_no` AS `fin_co_no`,`m`.`kor_co_nm` AS `kor_co_nm`,`m`.`prdt_feature` AS `prdt_feature`,`m`.`description` AS `description`,`m`.`join_way` AS `join_way`,`m`.`rec_reason` AS `rec_reason`,`m`.`tendency` AS `tendency`,`m`.`asset_proportion` AS `asset_proportion`,'mortgage' AS `prdt_type`,NULL AS `mtrt_int`,NULL AS `spcl_cnd`,NULL AS `join_deny`,NULL AS `join_member`,NULL AS `etc_note`,NULL AS `join_price`,NULL AS `join_term`,NULL AS `lot`,NULL AS `currency`,`m`.`loan_inci_expn` AS `loan_inci_expn`,`m`.`erly_rpay_fee` AS `erly_rpay_fee`,`m`.`dly_rate` AS `dly_rate`,`m`.`loan_lmt` AS `loan_lmt`,NULL AS `max_limit`,NULL AS `rsrv_type_nm`,NULL AS `base_price`,NULL AS `yield_rate`,NULL AS `fund_type`,NULL AS `fund_structure`,NULL AS `tax_benefit`,NULL AS `sale_start_date`,NULL AS `trust_fee`,NULL AS `early_termination_fee`,NULL AS `deposit_protection`,NULL AS `intr_rate_type_nm`,NULL AS `save_trm`,NULL AS `intr_rate`,NULL AS `intr_rate2`,`mo`.`mrtg_type_nm` AS `mrtg_type_nm`,`mo`.`rpay_type_nm` AS `rpay_type_nm`,`mo`.`lend_rate_type_nm` AS `lend_rate_type_nm`,`mo`.`lend_rate_min` AS `lend_rate_min`,`mo`.`lend_rate_max` AS `lend_rate_max`,`mo`.`lend_rate_avg` AS `lend_rate_avg`,NULL AS `rate_3mon`,NULL AS `start_date`,NULL AS `asset_total`,NULL AS `total_fee`,NULL AS `risk_grade`,NULL AS `fee_first`,NULL AS `fee_redemp`,NULL AS `price_std` from (`mortgage` `m` left join `mortgage_option` `mo` on((`m`.`fin_prdt_cd` = `mo`.`fin_prdt_cd`))) union all select `t`.`fin_prdt_cd` AS `fin_prdt_cd`,`t`.`fin_prdt_category` AS `fin_prdt_category`,`t`.`fin_prdt_nm` AS `fin_prdt_nm`,`t`.`fin_co_no` AS `fin_co_no`,`t`.`kor_co_nm` AS `kor_co_nm`,NULL AS `prdt_feature`,NULL AS `description`,`t`.`join_way` AS `join_way`,`t`.`rec_reason` AS `rec_reason`,`t`.`tendency` AS `tendency`,`t`.`asset_proportion` AS `asset_proportion`,'trust' AS `prdt_type`,NULL AS `mtrt_int`,NULL AS `spcl_cnd`,NULL AS `join_deny`,NULL AS `join_member`,NULL AS `etc_note`,NULL AS `join_price`,NULL AS `join_term`,NULL AS `lot`,NULL AS `currency`,NULL AS `loan_inci_expn`,NULL AS `erly_rpay_fee`,NULL AS `dly_rate`,NULL AS `loan_lmt`,NULL AS `max_limit`,NULL AS `rsrv_type_nm`,`t`.`base_price` AS `base_price`,`t`.`yield_rate` AS `yield_rate`,`t`.`fund_type` AS `fund_type`,`t`.`fund_structure` AS `fund_structure`,`t`.`tax_benefit` AS `tax_benefit`,`t`.`sale_start_date` AS `sale_start_date`,`t`.`trust_fee` AS `trust_fee`,`t`.`early_termination_fee` AS `early_termination_fee`,`t`.`deposit_protection` AS `deposit_protection`,NULL AS `intr_rate_type_nm`,NULL AS `save_trm`,NULL AS `intr_rate`,NULL AS `intr_rate2`,NULL AS `mrtg_type_nm`,NULL AS `rpay_type_nm`,NULL AS `lend_rate_type_nm`,NULL AS `lend_rate_min`,NULL AS `lend_rate_max`,NULL AS `lend_rate_avg`,NULL AS `rate_3mon`,NULL AS `start_date`,NULL AS `asset_total`,NULL AS `total_fee`,NULL AS `risk_grade`,NULL AS `fee_first`,NULL AS `fee_redemp`,NULL AS `price_std` from `trust` `t` */;
/*!50001 SET character_set_client      = @saved_cs_client */;
/*!50001 SET character_set_results     = @saved_cs_results */;
/*!50001 SET collation_connection      = @saved_col_connection */;

--
-- Final view structure for view `v_product_list`
--

/*!50001 DROP VIEW IF EXISTS `v_product_list`*/;
/*!50001 SET @saved_cs_client          = @@character_set_client */;
/*!50001 SET @saved_cs_results         = @@character_set_results */;
/*!50001 SET @saved_col_connection     = @@collation_connection */;
/*!50001 SET character_set_client      = utf8mb4 */;
/*!50001 SET character_set_results     = utf8mb4 */;
/*!50001 SET collation_connection      = utf8mb4_0900_ai_ci */;
/*!50001 CREATE ALGORITHM=UNDEFINED */
    /*!50013 DEFINER=`root`@`localhost` SQL SECURITY DEFINER */
    /*!50001 VIEW `v_product_list` AS select `d`.`fin_prdt_cd` AS `fin_prdt_cd`,`d`.`fin_prdt_nm` AS `fin_prdt_nm`,`d`.`prdt_feature` AS `prdt_feature`,'deposit' AS `prdt_type`,`do`.`save_trm` AS `save_trm`,`do`.`intr_rate` AS `intr_rate`,`do`.`intr_rate2` AS `intr_rate2`,NULL AS `rate_3mon`,NULL AS `risk_grade`,NULL AS `price_std`,NULL AS `mrtg_type_nm`,NULL AS `rpay_type_nm`,NULL AS `lend_rate_type_nm`,NULL AS `lend_rate_min`,NULL AS `lend_rate_max` from (`deposit` `d` join `deposit_option` `do` on((`d`.`fin_prdt_cd` = `do`.`fin_prdt_cd`))) union all select `s`.`fin_prdt_cd` AS `fin_prdt_cd`,`s`.`fin_prdt_nm` AS `fin_prdt_nm`,`s`.`prdt_feature` AS `prdt_feature`,'saving' AS `prdt_type`,`so`.`save_trm` AS `save_trm`,`so`.`intr_rate` AS `intr_rate`,`so`.`intr_rate2` AS `intr_rate2`,NULL AS `rate_3mon`,NULL AS `risk_grade`,NULL AS `price_std`,NULL AS `mrtg_type_nm`,NULL AS `rpay_type_nm`,NULL AS `lend_rate_type_nm`,NULL AS `lend_rate_min`,NULL AS `lend_rate_max` from (`saving` `s` join `saving_option` `so` on((`s`.`fin_prdt_cd` = `so`.`fin_prdt_cd`))) union all select `m`.`fin_prdt_cd` AS `fin_prdt_cd`,`m`.`fin_prdt_nm` AS `fin_prdt_nm`,`m`.`prdt_feature` AS `prdt_feature`,'mortgage' AS `prdt_type`,NULL AS `save_trm`,NULL AS `intr_rate`,NULL AS `intr_rate2`,NULL AS `rate_3mon`,NULL AS `risk_grade`,NULL AS `price_std`,`mo`.`mrtg_type_nm` AS `mrtg_type_nm`,`mo`.`rpay_type_nm` AS `rpay_type_nm`,`mo`.`lend_rate_type_nm` AS `lend_rate_type_nm`,`mo`.`lend_rate_min` AS `lend_rate_min`,`mo`.`lend_rate_max` AS `lend_rate_max` from (`mortgage` `m` join `mortgage_option` `mo` on((`m`.`fin_prdt_cd` = `mo`.`fin_prdt_cd`))) union all select `f`.`fin_prdt_cd` AS `fin_prdt_cd`,`f`.`fin_prdt_nm` AS `fin_prdt_nm`,`f`.`prdt_feature` AS `prdt_feature`,'fund' AS `prdt_type`,NULL AS `save_trm`,NULL AS `intr_rate`,NULL AS `intr_rate2`,`fo`.`rate_3mon` AS `rate_3mon`,`fo`.`risk_grade` AS `risk_grade`,`fo`.`price_std` AS `price_std`,NULL AS `mrtg_type_nm`,NULL AS `rpay_type_nm`,NULL AS `lend_rate_type_nm`,NULL AS `lend_rate_min`,NULL AS `lend_rate_max` from (`fund` `f` join `fund_option` `fo` on((`f`.`fin_prdt_cd` = `fo`.`fin_prdt_cd`))) union all select `g`.`fin_prdt_cd` AS `fin_prdt_cd`,`g`.`fin_prdt_nm` AS `fin_prdt_nm`,`g`.`prdt_feature` AS `prdt_feature`,'gold' AS `prdt_type`,NULL AS `save_trm`,NULL AS `intr_rate`,NULL AS `intr_rate2`,NULL AS `rate_3mon`,NULL AS `risk_grade`,NULL AS `price_std`,NULL AS `mrtg_type_nm`,NULL AS `rpay_type_nm`,NULL AS `lend_rate_type_nm`,NULL AS `lend_rate_min`,NULL AS `lend_rate_max` from `gold` `g` union all select `t`.`fin_prdt_cd` AS `fin_prdt_cd`,`t`.`fin_prdt_nm` AS `fin_prdt_nm`,NULL AS `prdt_feature`,'trust' AS `prdt_type`,NULL AS `save_trm`,NULL AS `intr_rate`,NULL AS `intr_rate2`,NULL AS `rate_3mon`,NULL AS `risk_grade`,NULL AS `price_std`,NULL AS `mrtg_type_nm`,NULL AS `rpay_type_nm`,NULL AS `lend_rate_type_nm`,NULL AS `lend_rate_min`,NULL AS `lend_rate_max` from `trust` `t` */;
/*!50001 SET character_set_client      = @saved_cs_client */;
/*!50001 SET character_set_results     = @saved_cs_results */;
/*!50001 SET collation_connection      = @saved_col_connection */;
/*!40103 SET TIME_ZONE=@OLD_TIME_ZONE */;

/*!40101 SET SQL_MODE=@OLD_SQL_MODE */;
/*!40014 SET FOREIGN_KEY_CHECKS=@OLD_FOREIGN_KEY_CHECKS */;
/*!40014 SET UNIQUE_CHECKS=@OLD_UNIQUE_CHECKS */;
/*!40101 SET CHARACTER_SET_CLIENT=@OLD_CHARACTER_SET_CLIENT */;
/*!40101 SET CHARACTER_SET_RESULTS=@OLD_CHARACTER_SET_RESULTS */;
/*!40101 SET COLLATION_CONNECTION=@OLD_COLLATION_CONNECTION */;
/*!40111 SET SQL_NOTES=@OLD_SQL_NOTES */;

-- Dump completed on 2025-08-14 17:25:01
